Первая строка,Aka,Автор,Git,XML,PDF,Тональность,Размер,Темп,Bpm,Основная Тема Песни,Применение,Дата,Писание
Как часто мы блуждаем ,Приди к Иисусу и скажи,Ятковский,,Как часто мы блуждаем (https://dl.airtable.com/Ax1eizMRoGil5340NdE6_%D0%9A%D0%B0%D0%BA%20%D1%87%D0%B0%D1%81%D1%82%D0%BE%20%D0%BC%D1%8B%20%D0%B1%D0%BB%D1%83%D0%B6%D0%B4%D0%B0%D0%B5%D0%BC),,C,4/4,Умеренный,,Благовествование,,4.8.2019,
Я твой Бог и твоя сила,Иди за мной,Краеугольный камень,,Я твой Бог и твоя сила (https://dl.airtable.com/qS6KwNSii5pFAVIs9rwc_%D0%AF%20%D1%82%D0%B2%D0%BE%D0%B9%20%D0%91%D0%BE%D0%B3%20%D0%B8%20%D1%82%D0%B2%D0%BE%D1%8F%20%D1%81%D0%B8%D0%BB%D0%B0),,Gm,2/4,Медленный,66,,,4.8.2019,
Зажигай огонь,,Ятковский,,Зажигай огонь (https://dl.airtable.com/2Zkfl3tRZOya1LjokvHC_%D0%97%D0%B0%D0%B6%D0%B8%D0%B3%D0%B0%D0%B9%20%D0%BE%D0%B3%D0%BE%D0%BD%D1%8C),,Em,4/4,Умеренный,,Утверждение и Посвящение,,4.8.2019,
Надейся на Господа,,Ятковский,,Надейся  на  Господа (https://dl.airtable.com/MR6adU6TQUeJ3S0J4slz_%D0%9D%D0%B0%D0%B4%D0%B5%D0%B9%D1%81%D1%8F%20%20%D0%BD%D0%B0%20%20%D0%93%D0%BE%D1%81%D0%BF%D0%BE%D0%B4%D0%B0),,G,4/4,Быстрый,140,,,4.8.2019,Пр 3:5-10
Открываю окна,,Ятковский,,Открываю окна (https://dl.airtable.com/IIgtUdwBQXOjTq89CJP9_%D0%9E%D1%82%D0%BA%D1%80%D1%8B%D0%B2%D0%B0%D1%8E%20%D0%BE%D0%BA%D0%BD%D0%B0),,Em,4/4,Умеренный,68,Молитва и Обновление,,4.8.2019,
На Тебя взираю я ,,ахвегс,,На Тебя взираю я (https://dl.airtable.com/xQpVhzsISuqWE9InuNq4_%D0%9D%D0%B0%20%D0%A2%D0%B5%D0%B1%D1%8F%20%D0%B2%D0%B7%D0%B8%D1%80%D0%B0%D1%8E%20%D1%8F),,"C,D",4/4,Умеренный,76,Мир и Надежда,,4.8.2019,
Возвожу мои очи к горам,,Ятковский,,Возвожу мои очи к горам (https://dl.airtable.com/Oo6f3PybQ82oaV71dufe_%D0%92%D0%BE%D0%B7%D0%B2%D0%BE%D0%B6%D1%83%20%D0%BC%D0%BE%D0%B8%20%D0%BE%D1%87%D0%B8%20%D0%BA%20%D0%B3%D0%BE%D1%80%D0%B0%D0%BC),,Em,4/4,Быстрый,130,Утверждение и Посвящение,,4.8.2019,Пс 120
Иисус с того момента ,,,,Иисус с того момента (https://dl.airtable.com/zdZMk2Y6RZaIdqUiyzBI_%D0%98%D0%B8%D1%81%D1%83%D1%81%20%D1%81%20%D1%82%D0%BE%D0%B3%D0%BE%20%D0%BC%D0%BE%D0%BC%D0%B5%D0%BD%D1%82%D0%B0),,Em,4/4,Быстрый,120,Прославление,Десятина,4.8.2019,
У той песни нет конца,Как удержать мне песню,Chris Tomlin,,У той песни нет конца (https://dl.airtable.com/Or0tUpD5TZOzuAVzLQwj_%D0%A3%20%D1%82%D0%BE%D0%B9%20%D0%BF%D0%B5%D1%81%D0%BD%D0%B8%20%D0%BD%D0%B5%D1%82%20%D0%BA%D0%BE%D0%BD%D1%86%D0%B0),,F,2/4,Медленный,66,"Прославление,Утверждение и Посвящение",,28.7.2019,
Буду превозносить Тебя,,В. Короп,,Буду превозносить Тебя (https://dl.airtable.com/IWI8wehBTXi0uKoyxQK7_%D0%91%D1%83%D0%B4%D1%83%20%D0%BF%D1%80%D0%B5%D0%B2%D0%BE%D0%B7%D0%BD%D0%BE%D1%81%D0%B8%D1%82%D1%8C%20%D0%A2%D0%B5%D0%B1%D1%8F),,F,4/4,Быстрый,130,Прославление,,28.7.2019,
Имя возношу Твое ,,ахвегс,,Имя возношу Твое (https://dl.airtable.com/DMlp1RZwS2qtz0w8hHmI_%D0%98%D0%BC%D1%8F%20%D0%B2%D0%BE%D0%B7%D0%BD%D0%BE%D1%88%D1%83%20%D0%A2%D0%B2%D0%BE%D0%B5),,"F,G",4/4,Умеренный,94,Страдания Жертва Воскресение Искупление,,28.7.2019,
Иисус превозносим Твое Имя,,ахвегс,,Иисус Превозносим (https://dl.airtable.com/sPgpEhwKSRWdNJMFGVnp_%D0%98%D0%B8%D1%81%D1%83%D1%81%20%D0%9F%D1%80%D0%B5%D0%B2%D0%BE%D0%B7%D0%BD%D0%BE%D1%81%D0%B8%D0%BC),,"F,G",4/4,Умеренный,76,,,28.7.2019,
Иисус Победитель  ,,А. Ледяев,,Иисус Победитель (https://dl.airtable.com/MEBwg1pcQhar4IEiVd6L_%D0%98%D0%B8%D1%81%D1%83%D1%81%20%D0%9F%D0%BE%D0%B1%D0%B5%D0%B4%D0%B8%D1%82%D0%B5%D0%BB%D1%8C),,"D,F",4/4,Умеренный,68,Прославление,,28.7.2019,
Душа моя уповает на Господа,,ахвегс,,Душа моя уповает (https://dl.airtable.com/VKFbQZjZSFGgtjSMufhJ_%D0%94%D1%83%D1%88%D0%B0%20%D0%BC%D0%BE%D1%8F%20%D1%83%D0%BF%D0%BE%D0%B2%D0%B0%D0%B5%D1%82),,F,4/4,Быстрый,140,Утверждение и Посвящение,Десятина,28.7.2019,
Иисус Ты любовь моя ,,,,Иисус Ты любовь моя (https://dl.airtable.com/2cnv9cb4SFKyrNeKT5c0_%D0%98%D0%B8%D1%81%D1%83%D1%81%20%D0%A2%D1%8B%20%D0%BB%D1%8E%D0%B1%D0%BE%D0%B2%D1%8C%20%D0%BC%D0%BE%D1%8F),,"F,G",4/4,Умеренный,,Любовь Благодать и Милость,,21.7.2019,
Небо нам открыто ,,ахвегс,,Небо нам открыто (https://dl.airtable.com/gZsCa6pS217vcSNdjBzA_%D0%9D%D0%B5%D0%B1%D0%BE%20%D0%BD%D0%B0%D0%BC%20%D0%BE%D1%82%D0%BA%D1%80%D1%8B%D1%82%D0%BE),,"F,G",4/4,Быстрый,160,"Утверждение и Посвящение,Качества Бога",,21.7.2019,
Иисус Христос Господь ,,,,Иисус Христос Господь (https://dl.airtable.com/BG4gMza4R3y46E4MVsVU_%D0%98%D0%B8%D1%81%D1%83%D1%81%20%D0%A5%D1%80%D0%B8%D1%81%D1%82%D0%BE%D1%81%20%D0%93%D0%BE%D1%81%D0%BF%D0%BE%D0%B4%D1%8C),,"Dm,Em",4/4,Быстрый,140,"Прославление,Страдания Жертва Воскресение Искупление",,21.7.2019,
Вместе звучно ,,ахвегс,,"Вместе звучно Em (https://dl.airtable.com/dJjR0BdPQqqOZ9TdnIWM_%D0%92%D0%BC%D0%B5%D1%81%D1%82%D0%B5%20%D0%B7%D0%B2%D1%83%D1%87%D0%BD%D0%BE%20Em),Вместе звучно Dm (https://dl.airtable.com/YSO5tK1HTS6XwXCjrh6m_%D0%92%D0%BC%D0%B5%D1%81%D1%82%D0%B5%20%D0%B7%D0%B2%D1%83%D1%87%D0%BD%D0%BE%20Dm)",,"Dm,Em",4/4,Умеренный,116,"Прославление,Призыв к Поклонению",Вступление,21.7.2019,
В Господнем Свете,,,,В Господнем свете (https://dl.airtable.com/PVeXDTmnSOaPK8pZKDJm_%D0%92%20%D0%93%D0%BE%D1%81%D0%BF%D0%BE%D0%B4%D0%BD%D0%B5%D0%BC%20%D1%81%D0%B2%D0%B5%D1%82%D0%B5),,Em,2/4,Медленный,70,"Вера и Истина,Утверждение и Посвящение",,21.7.2019,
Благо есть славить Господа,,,,"Благо есть славить Господа Dm (https://dl.airtable.com/8dp5I6lRsCy9E1Y5WNh0_%D0%91%D0%BB%D0%B0%D0%B3%D0%BE%20%D0%B5%D1%81%D1%82%D1%8C%20%D1%81%D0%BB%D0%B0%D0%B2%D0%B8%D1%82%D1%8C%20%D0%93%D0%BE%D1%81%D0%BF%D0%BE%D0%B4%D0%B0%20Dm),Благо есть славить Господа Em (https://dl.airtable.com/uvW56cSlSD62k95tgswp_%D0%91%D0%BB%D0%B0%D0%B3%D0%BE%20%D0%B5%D1%81%D1%82%D1%8C%20%D1%81%D0%BB%D0%B0%D0%B2%D0%B8%D1%82%D1%8C%20%D0%93%D0%BE%D1%81%D0%BF%D0%BE%D0%B4%D0%B0%20Em)",Благо есть славить Господа Em (Key - Em).pdf (https://dl.airtable.com/ZQvvhSWRY2DBJSReIkCA_%D0%91%D0%BB%D0%B0%D0%B3%D0%BE%20%D0%B5%D1%81%D1%82%D1%8C%20%D1%81%D0%BB%D0%B0%D0%B2%D0%B8%D1%82%D1%8C%20%D0%93%D0%BE%D1%81%D0%BF%D0%BE%D0%B4%D0%B0%20Em%20(Key%20-%20Em).pdf),"Dm,Em",4/4,Быстрый,130,Утверждение и Посвящение,Десятина,21.7.2019,
Измени меня сердце мое обнови,,,,Измени меня сердце мое обнови (https://dl.airtable.com/kmWL6tm4SAqTvkiLaByz_%D0%98%D0%B7%D0%BC%D0%B5%D0%BD%D0%B8%20%D0%BC%D0%B5%D0%BD%D1%8F%20%D1%81%D0%B5%D1%80%D0%B4%D1%86%D0%B5%20%D0%BC%D0%BE%D0%B5%20%D0%BE%D0%B1%D0%BD%D0%BE%D0%B2%D0%B8),,G,4/4,Умеренный,70,"Утверждение и Посвящение,Молитва и Обновление",,18.7.2019,
Тебя прославлю,,,,Тебя прославлю (https://dl.airtable.com/b0wAEWhbRZ6giB1agLzF_%D0%A2%D0%B5%D0%B1%D1%8F%20%D0%BF%D1%80%D0%BE%D1%81%D0%BB%D0%B0%D0%B2%D0%BB%D1%8E),,A,4/4,Быстрый,150,Прославление,,18.7.2019,
Моя надежда Ты мой Бог,,,,Моя надежда Ты мой Бог (https://dl.airtable.com/VXcfUckQi04mqNaZ3tYw_%D0%9C%D0%BE%D1%8F%20%D0%BD%D0%B0%D0%B4%D0%B5%D0%B6%D0%B4%D0%B0%20%D0%A2%D1%8B%20%D0%BC%D0%BE%D0%B9%20%D0%91%D0%BE%D0%B3),Моя надежда Ты мой Бог (Key - G).pdf (https://dl.airtable.com/aekZI5hgR9OMm5LGMcRV_%D0%9C%D0%BE%D1%8F%20%D0%BD%D0%B0%D0%B4%D0%B5%D0%B6%D0%B4%D0%B0%20%D0%A2%D1%8B%20%D0%BC%D0%BE%D0%B9%20%D0%91%D0%BE%D0%B3%20(Key%20-%20G).pdf),G,4/4,Умеренный,90,"Мир и Надежда,Утверждение и Посвящение",,18.7.2019,
Мы будем славить имя Твое ,,,,Мы будем славить Имя Твоё (https://dl.airtable.com/Mpmo8mj8Txy2M4DutpRf_%D0%9C%D1%8B%20%D0%B1%D1%83%D0%B4%D0%B5%D0%BC%20%D1%81%D0%BB%D0%B0%D0%B2%D0%B8%D1%82%D1%8C%20%D0%98%D0%BC%D1%8F%20%D0%A2%D0%B2%D0%BE%D1%91),,"Fm,Em",4/4,Быстрый,110,Прославление,,14.7.2019,
Ты любовь и счастье,,"ц. ""Возрождение"" (г. Нижнекамск)",,Ты – любовь и счастье (https://dl.airtable.com/h5Ba9OMZQDefs1mgQSEH_%D0%A2%D1%8B%20%E2%80%93%20%D0%BB%D1%8E%D0%B1%D0%BE%D0%B2%D1%8C%20%D0%B8%20%D1%81%D1%87%D0%B0%D1%81%D1%82%D1%8C%D0%B5),,F,4/4,Быстрый,96,Прославление,Десятина,14.7.2019,
Приди настала пора поклоненья ,,,,Приди настала пора (https://dl.airtable.com/Y4R2rJVKSv6xJ9t7tWBc_%D0%9F%D1%80%D0%B8%D0%B4%D0%B8%20%D0%BD%D0%B0%D1%81%D1%82%D0%B0%D0%BB%D0%B0%20%D0%BF%D0%BE%D1%80%D0%B0),,E,4/4,Умеренный,110,Призыв к Поклонению,Вступление,14.7.2019,
Иисус Спаситель нет другого,Пусть вся земля воскликнет Господу,,,Иисус Спаситель (https://dl.airtable.com/zL5nVoPxSyKWZQQyxm6z_%D0%98%D0%B8%D1%81%D1%83%D1%81%20%D0%A1%D0%BF%D0%B0%D1%81%D0%B8%D1%82%D0%B5%D0%BB%D1%8C),,A,2/4,Медленный,74,"Страдания Жертва Воскресение Искупление,Прославление",,14.7.2019,
Кто тьму разрушил,О эта благодать,Новый Завет NTWorship,,Кто тьму разрушил (https://dl.airtable.com/fJMKFuJ3RWqABr9pVhYA_%D0%9A%D1%82%D0%BE%20%D1%82%D1%8C%D0%BC%D1%83%20%D1%80%D0%B0%D0%B7%D1%80%D1%83%D1%88%D0%B8%D0%BB),,G,4/4,Умеренный,100,Любовь Благодать и Милость,,14.7.2019,
Только Бог меня поднимет,,,,Только Бог меня поднимет (https://dl.airtable.com/NZinbpEPT9aUdbG9cOZE_%D0%A2%D0%BE%D0%BB%D1%8C%D0%BA%D0%BE%20%D0%91%D0%BE%D0%B3%20%D0%BC%D0%B5%D0%BD%D1%8F%20%D0%BF%D0%BE%D0%B4%D0%BD%D0%B8%D0%BC%D0%B5%D1%82),,F,4/4,Быстрый,140,"Прославление,Утверждение и Посвящение",,7.7.2019,
Ты отдал тело ,,ахвегс,,Ты отдал Тело (https://dl.airtable.com/zXib2KBSDeHCBQPYAW7Z_%D0%A2%D1%8B%20%D0%BE%D1%82%D0%B4%D0%B0%D0%BB%20%D0%A2%D0%B5%D0%BB%D0%BE),,Dm,4/4,Умеренный,66,Страдания Жертва Воскресение Искупление,Причастие,7.7.2019,
Он живущий под покровом,,ахвегс,,Он живущий под покровом (https://dl.airtable.com/mU4yT3iDSNWSfEfFsXcb_%D0%9E%D0%BD%20%D0%B6%D0%B8%D0%B2%D1%83%D1%89%D0%B8%D0%B9%20%D0%BF%D0%BE%D0%B4%20%D0%BF%D0%BE%D0%BA%D1%80%D0%BE%D0%B2%D0%BE%D0%BC),,D,4/4,Быстрый,140,Утверждение и Посвящение,Десятина,7.7.2019,
Снова Своей любовью,,,,Снова Своей любовью Ты (https://dl.airtable.com/8KzWmxNfQneKoEQR93tp_%D0%A1%D0%BD%D0%BE%D0%B2%D0%B0%20%D0%A1%D0%B2%D0%BE%D0%B5%D0%B9%20%D0%BB%D1%8E%D0%B1%D0%BE%D0%B2%D1%8C%D1%8E%20%D0%A2%D1%8B),,A,4/4,Медленный,66,Утверждение и Посвящение,,7.7.2019,
Всем сердцем моим,,,,"Всем сердцем моим F (https://dl.airtable.com/Cyogc5zoQ3ie4itNBV14_%D0%92%D1%81%D0%B5%D0%BC%20%D1%81%D0%B5%D1%80%D0%B4%D1%86%D0%B5%D0%BC%20%D0%BC%D0%BE%D0%B8%D0%BC%20F),Всем сердцем моим G (https://dl.airtable.com/Y6Ozbmy3TG0ZLwrQtYR3_%D0%92%D1%81%D0%B5%D0%BC%20%D1%81%D0%B5%D1%80%D0%B4%D1%86%D0%B5%D0%BC%20%D0%BC%D0%BE%D0%B8%D0%BC%20G)",,"A,F,G",4/4,Медленный,70,Прославление,,7.7.2019,
Славлю Тебя дивный Господь ,,,,Славлю Тебя дивный Господь (https://dl.airtable.com/LFAAijQP6DSWRJnyZC3g_%D0%A1%D0%BB%D0%B0%D0%B2%D0%BB%D1%8E%20%D0%A2%D0%B5%D0%B1%D1%8F%20%D0%B4%D0%B8%D0%B2%D0%BD%D1%8B%D0%B9%20%D0%93%D0%BE%D1%81%D0%BF%D0%BE%D0%B4%D1%8C),,D,2/4,Умеренный,100,"Любовь Благодать и Милость,Страдания Жертва Воскресение Искупление",,7.7.2019,
Иисус Царь всей земли ,,дело веры,,Иисус – Царь всей земли (https://dl.airtable.com/PvLqC47iQDKQ7KduzNFO_%D0%98%D0%B8%D1%81%D1%83%D1%81%20%E2%80%93%20%D0%A6%D0%B0%D1%80%D1%8C%20%D0%B2%D1%81%D0%B5%D0%B9%20%D0%B7%D0%B5%D0%BC%D0%BB%D0%B8),,Dm,4/4,Быстрый,142,"Прославление,Страдания Жертва Воскресение Искупление",,7.7.2019,
Мы пришли благословить Его ,,ахвегс,,Мы пришли благословить Его (https://dl.airtable.com/.attachments/9474d579dddfefd89716eb8e4cc1048e/9cc1439b),,F,4/4,Умеренный,140,Призыв к Поклонению,,7.7.2019,
Радость в Господе сила моя,,,,Радость в Господе (https://dl.airtable.com/bW9GGlXSS8mJcx4Mz5kY_%D0%A0%D0%B0%D0%B4%D0%BE%D1%81%D1%82%D1%8C%20%D0%B2%20%D0%93%D0%BE%D1%81%D0%BF%D0%BE%D0%B4%D0%B5),,D,4/4,Быстрый,130,Утверждение и Посвящение,,30.6.2019,
Славим Иисуса славим ,,ахвегс,,Славим Иисуса славим (https://dl.airtable.com/eITUghGCRDaqCdHMK97K_%D0%A1%D0%BB%D0%B0%D0%B2%D0%B8%D0%BC%20%D0%98%D0%B8%D1%81%D1%83%D1%81%D0%B0%20%D1%81%D0%BB%D0%B0%D0%B2%D0%B8%D0%BC),,D,4/4,Быстрый,144,"Прославление,Страдания Жертва Воскресение Искупление",Пасха,30.6.2019,
И вот опять,,,,И вот опять я в Твоих руках D new (https://dl.airtable.com/TWudNvRiQAKaBCjTry03_%D0%98%20%D0%B2%D0%BE%D1%82%20%D0%BE%D0%BF%D1%8F%D1%82%D1%8C%20%D1%8F%20%D0%B2%20%D0%A2%D0%B2%D0%BE%D0%B8%D1%85%20%D1%80%D1%83%D0%BA%D0%B0%D1%85%20D%20new),,"D,F",4/4,Умеренный,64,Утверждение и Посвящение,,30.6.2019,
Бесконечную милость мне даришь,,,,Бесконечную милость (https://dl.airtable.com/JLlYGCcTkWgyloFLOPMt_%D0%91%D0%B5%D1%81%D0%BA%D0%BE%D0%BD%D0%B5%D1%87%D0%BD%D1%83%D1%8E%20%D0%BC%D0%B8%D0%BB%D0%BE%D1%81%D1%82%D1%8C),Бесконечную милость (Key - D).pdf (https://dl.airtable.com/iCldrU6mTT2OF1Rj58m3_%D0%91%D0%B5%D1%81%D0%BA%D0%BE%D0%BD%D0%B5%D1%87%D0%BD%D1%83%D1%8E%20%D0%BC%D0%B8%D0%BB%D0%BE%D1%81%D1%82%D1%8C%20(Key%20-%20D).pdf),D,4/4,Быстрый,142,"Прославление,Любовь Благодать и Милость",,30.6.2019,
Все от Него ,,,,Все от Него и Им сотворено (https://dl.airtable.com/WD6mwsjcRdaOCSEifrBW_%D0%92%D1%81%D0%B5%20%D0%BE%D1%82%20%D0%9D%D0%B5%D0%B3%D0%BE%20%D0%B8%20%D0%98%D0%BC%20%D1%81%D0%BE%D1%82%D0%B2%D0%BE%D1%80%D0%B5%D0%BD%D0%BE),,Dm,4/4,Быстрый,134,Прославление,,30.6.2019,
Хочу я быть ближе ближе к Тебе,Great I Am,,,Хочу я быть ближе ближе к Тебе (https://dl.airtable.com/SUMOOECMQqWBZ3ahdaDG_%D0%A5%D0%BE%D1%87%D1%83%20%D1%8F%20%D0%B1%D1%8B%D1%82%D1%8C%20%D0%B1%D0%BB%D0%B8%D0%B6%D0%B5%20%D0%B1%D0%BB%D0%B8%D0%B6%D0%B5%20%D0%BA%20%D0%A2%D0%B5%D0%B1%D0%B5),,"D,G",4/4,Умеренный,80,Качества Бога,,30.6.2019,
Иегова-Ире все усмотрит Он милость дает,Иегова Ире любит меня,ахвегс,,,,Em,4/4,Быстрый,124,Любовь Благодать и Милость,,23.6.2019,
Скрой меня ,,Hillsong,,Скрой меня (https://dl.airtable.com/s5kPap9VRceYR1k3EWM2_%D0%A1%D0%BA%D1%80%D0%BE%D0%B9%20%D0%BC%D0%B5%D0%BD%D1%8F),,C,4/4,Умеренный,70,Утверждение и Посвящение,,23.6.2019,
Бог мой и Царь ,,Пётр Ашейчик,https://github.com/SergKnyz/ICF/blob/master/Songs/%D0%91%D0%BE%D0%B3%20%D0%BC%D0%BE%D0%B9%20%D0%B8%20%D0%A6%D0%B0%D1%80%D1%8C,Бог мой и Царь (https://dl.airtable.com/QlTq2Gn5RrOUs1J0SIvK_%D0%91%D0%BE%D0%B3%20%D0%BC%D0%BE%D0%B9%20%D0%B8%20%D0%A6%D0%B0%D1%80%D1%8C),,C,4/4,Умеренный,104,Любовь Благодать и Милость,,23.6.2019,
Имя Иисуса возносим мы,,,,Имя Иисуса (https://dl.airtable.com/WtaLpkXVTdKLUpyIXjMb_%D0%98%D0%BC%D1%8F%20%D0%98%D0%B8%D1%81%D1%83%D1%81%D0%B0),,C,4/4,Быстрый,98,Прославление,,23.6.2019,
Честь и величье ,,"Рон Кенолли, ахвегс",,Честь и величье (https://dl.airtable.com/TLR9QJcTRcG3h6jhY4vT_%D0%A7%D0%B5%D1%81%D1%82%D1%8C%20%D0%B8%20%D0%B2%D0%B5%D0%BB%D0%B8%D1%87%D1%8C%D0%B5),,C,4/4,Быстрый,100,Прославление,,23.6.2019,
Иегова-Ире все усмотрит ,Ты больше чем надо,ахвегс,,Иегова Ире все усмотрит (https://dl.airtable.com/o6rd2L8RIanmzFMID1Sg_%D0%98%D0%B5%D0%B3%D0%BE%D0%B2%D0%B0%20%D0%98%D1%80%D0%B5%20%D0%B2%D1%81%D0%B5%20%D1%83%D1%81%D0%BC%D0%BE%D1%82%D1%80%D0%B8%D1%82),,C,4/4,Умеренный,60,Качества Бога,,23.6.2019,
Совершенство Твое не имеет границ  ,,,,Совершенство Твоё (https://dl.airtable.com/uMQD86yBQKSECAmCXyeG_%D0%A1%D0%BE%D0%B2%D0%B5%D1%80%D1%88%D0%B5%D0%BD%D1%81%D1%82%D0%B2%D0%BE%20%D0%A2%D0%B2%D0%BE%D1%91),,Dm,4/4,Умеренный,62,Качества Бога,,20.6.2019,
Кто же я,Дал свободу мне Иисус навек,Hillsong,,Кто же я (https://dl.airtable.com/U07nOSnwS6CZHO8Ef9FP_%D0%9A%D1%82%D0%BE%20%D0%B6%D0%B5%20%D1%8F),,G,4/4,Умеренный,,,Молодёжная,20.6.2019,
Ты дал мне новую песню,Коснись меня Бог,Слово Жизни Youth,,Ты дал мне новую песню (https://dl.airtable.com/9N0wYkRiR4iQC7JxJB3o_%D0%A2%D1%8B%20%D0%B4%D0%B0%D0%BB%20%D0%BC%D0%BD%D0%B5%20%D0%BD%D0%BE%D0%B2%D1%83%D1%8E%20%D0%BF%D0%B5%D1%81%D0%BD%D1%8E),,Hm,4/4,Умеренный,74,,,20.6.2019,
Ты нашел меня,Я не буду рабом греха,4 U Band,,Ты нашел меня (Я не буду рабом греха) (https://dl.airtable.com/iiQl2JwWT2OEIdxfHqFy_%D0%A2%D1%8B%20%D0%BD%D0%B0%D1%88%D0%B5%D0%BB%20%D0%BC%D0%B5%D0%BD%D1%8F%20(%D0%AF%20%D0%BD%D0%B5%20%D0%B1%D1%83%D0%B4%D1%83%20%D1%80%D0%B0%D0%B1%D0%BE%D0%BC%20%D0%B3%D1%80%D0%B5%D1%85%D0%B0)),,"C,H",,,,,,20.6.2019,
Мы жаждем славы Твоей,Дождь придет,Ольга Марина,,,,Em,,,,,Молодёжная,20.6.2019,
Тебе пою о Царь царей ,,ахвегс,,Тебе пою о Царь царей (https://dl.airtable.com/xoyRHP67R0ewwS4CPKYj_%D0%A2%D0%B5%D0%B1%D0%B5%20%D0%BF%D0%BE%D1%8E%20%D0%BE%20%D0%A6%D0%B0%D1%80%D1%8C%20%D1%86%D0%B0%D1%80%D0%B5%D0%B9),,F,4/4,Умеренный,70,,,16.6.2019,
За все Тебя Господь я благодарю,,,,За все Тебя Господь я благодарю (https://dl.airtable.com/JLU65JISdSascsrAaMgP_%D0%97%D0%B0%20%D0%B2%D1%81%D0%B5%20%D0%A2%D0%B5%D0%B1%D1%8F%20%D0%93%D0%BE%D1%81%D0%BF%D0%BE%D0%B4%D1%8C%20%D1%8F%20%D0%B1%D0%BB%D0%B0%D0%B3%D0%BE%D0%B4%D0%B0%D1%80%D1%8E),За все Тебя Господь я благодарю (Key - G).pdf (https://dl.airtable.com/QTNPmMhpQyJIQknhPf8B_%D0%97%D0%B0%20%D0%B2%D1%81%D0%B5%20%D0%A2%D0%B5%D0%B1%D1%8F%20%D0%93%D0%BE%D1%81%D0%BF%D0%BE%D0%B4%D1%8C%20%D1%8F%20%D0%B1%D0%BB%D0%B0%D0%B3%D0%BE%D0%B4%D0%B0%D1%80%D1%8E%20(Key%20-%20G).pdf),"F,G",4/4,Медленный,70,"Призыв к Поклонению,Прославление,Утверждение и Посвящение",,16.6.2019,
Все земные невзгоды пройдут ,,ахвегс,,Все земные невзгоды пройдут (https://dl.airtable.com/GS87jopiRrrcx4EAKzPw_%D0%92%D1%81%D0%B5%20%D0%B7%D0%B5%D0%BC%D0%BD%D1%8B%D0%B5%20%D0%BD%D0%B5%D0%B2%D0%B7%D0%B3%D0%BE%D0%B4%D1%8B%20%D0%BF%D1%80%D0%BE%D0%B9%D0%B4%D1%83%D1%82),,G,4/4,Умеренный,70,Прославление,,16.6.2019,
Как могуч Ты ,,ахвегс,,Как могуч Ты (https://dl.airtable.com/LKYj7VWKQreetp7PwkZ8_%D0%9A%D0%B0%D0%BA%20%D0%BC%D0%BE%D0%B3%D1%83%D1%87%20%D0%A2%D1%8B),,"Em,Am,Gm",4/4,Умеренный,106,Качества Бога,Десятина,16.6.2019,
Да прославим Тебя ,,,,Да прославим Тебя (https://dl.airtable.com/MLECwVPVTgKWFN4ojum8_%D0%94%D0%B0%20%D0%BF%D1%80%D0%BE%D1%81%D0%BB%D0%B0%D0%B2%D0%B8%D0%BC%20%D0%A2%D0%B5%D0%B1%D1%8F),,"F,G",4/4,Быстрый,130,"Призыв к Поклонению,Прославление",,9.6.2019,
Истина Твоя ,,,,Истина Твоя (https://dl.airtable.com/L62aSTrTiacd5OAPlVa3_%D0%98%D1%81%D1%82%D0%B8%D0%BD%D0%B0%20%D0%A2%D0%B2%D0%BE%D1%8F),Истина Твоя (Key - Em).pdf (https://dl.airtable.com/iVVXFGepS16M3F7Pgifw_%D0%98%D1%81%D1%82%D0%B8%D0%BD%D0%B0%20%D0%A2%D0%B2%D0%BE%D1%8F%20(Key%20-%20Em).pdf),Em,4/4,Быстрый,100,Вера и Истина,Десятина,9.6.2019,
Прославлен будь Господь,,,,Прославлен будь Господь (https://dl.airtable.com/KWUbg2kRHK8umHko0qOa_%D0%9F%D1%80%D0%BE%D1%81%D0%BB%D0%B0%D0%B2%D0%BB%D0%B5%D0%BD%20%D0%B1%D1%83%D0%B4%D1%8C%20%D0%93%D0%BE%D1%81%D0%BF%D0%BE%D0%B4%D1%8C),,Am,2/4,Медленный,70,Страдания Жертва Воскресение Искупление,,9.6.2019,
Ты дивный Бог,,Hillsong,,Ты дивный Бог Ты славный Бог (https://dl.airtable.com/VnKUbKidSaiYfjrL6Plw_%D0%A2%D1%8B%20%D0%B4%D0%B8%D0%B2%D0%BD%D1%8B%D0%B9%20%D0%91%D0%BE%D0%B3%20%D0%A2%D1%8B%20%D1%81%D0%BB%D0%B0%D0%B2%D0%BD%D1%8B%D0%B9%20%D0%91%D0%BE%D0%B3),,Em,2/4,Медленный,46,Прославление,,9.6.2019,
Тебя Господь я буду славить,,,,Тебя Господь я буду славить (https://dl.airtable.com/LTaszVVIQz2KoYfhTtYP_%D0%A2%D0%B5%D0%B1%D1%8F%20%D0%93%D0%BE%D1%81%D0%BF%D0%BE%D0%B4%D1%8C%20%D1%8F%20%D0%B1%D1%83%D0%B4%D1%83%20%D1%81%D0%BB%D0%B0%D0%B2%D0%B8%D1%82%D1%8C),,"F,G",4/4,Быстрый,90,Любовь Благодать и Милость,,9.6.2019,
По преданью отцов человек охранял,,гр. Новый завет,,По преданью отцов (https://dl.airtable.com/scDhcVwyTCiUGNbdiY3g_%D0%9F%D0%BE%20%D0%BF%D1%80%D0%B5%D0%B4%D0%B0%D0%BD%D1%8C%D1%8E%20%D0%BE%D1%82%D1%86%D0%BE%D0%B2),,Am,4/4,Умеренный,70,Страдания Жертва Воскресение Искупление,Причастие,9.6.2019,
Прославь Иисуса прославь Господа,,Ятковский,,Прославь Иисуса прославь Господа (https://dl.airtable.com/CSVNlzXcQXigINdJxk21_%D0%9F%D1%80%D0%BE%D1%81%D0%BB%D0%B0%D0%B2%D1%8C%20%D0%98%D0%B8%D1%81%D1%83%D1%81%D0%B0%20%D0%BF%D1%80%D0%BE%D1%81%D0%BB%D0%B0%D0%B2%D1%8C%20%D0%93%D0%BE%D1%81%D0%BF%D0%BE%D0%B4%D0%B0),,D,4/4,Быстрый,132,Прославление,Вступление,9.6.2019,
Помоги Господь помоги,,,,Помоги Господь помоги (https://dl.airtable.com/w2uJZkTWT8eGpdRiR3rU_%D0%9F%D0%BE%D0%BC%D0%BE%D0%B3%D0%B8%20%D0%93%D0%BE%D1%81%D0%BF%D0%BE%D0%B4%D1%8C%20%D0%BF%D0%BE%D0%BC%D0%BE%D0%B3%D0%B8),,F,4/4,Медленный,70,Молитва и Обновление,,2.6.2019,
Ты нужен мне,,,,Ты нужен мне (https://dl.airtable.com/YbjHMMVHRBeU94IwojBb_%D0%A2%D1%8B%20%D0%BD%D1%83%D0%B6%D0%B5%D0%BD%20%D0%BC%D0%BD%D0%B5),,F,4/4,Медленный,70,"Утверждение и Посвящение,Прославление",,2.6.2019,
Каждый день на устах моих ,,Ятковский,,Каждый день на устах моих (https://dl.airtable.com/PG6um3aOQ9mz8Dvf25jp_%D0%9A%D0%B0%D0%B6%D0%B4%D1%8B%D0%B9%20%D0%B4%D0%B5%D0%BD%D1%8C%20%D0%BD%D0%B0%20%D1%83%D1%81%D1%82%D0%B0%D1%85%20%D0%BC%D0%BE%D0%B8%D1%85),,F,4/4,Быстрый,120,"Прославление,Призыв к Поклонению,Утверждение и Посвящение",,2.6.2019,
Будем петь петь петь,,,,Будем петь петь петь (https://dl.airtable.com/i9wtlbeHSd2ypuCX7eBP_%D0%91%D1%83%D0%B4%D0%B5%D0%BC%20%D0%BF%D0%B5%D1%82%D1%8C%20%D0%BF%D0%B5%D1%82%D1%8C%20%D0%BF%D0%B5%D1%82%D1%8C),,F,4/4,Быстрый,144,Прославление,,2.6.2019,
Подули ветры,Свет Твоей зари я вижу,Not an Idol,,"Подули ветры разлились реки (упрощенно) (https://dl.airtable.com/.attachments/da00136436684f77faa800c889f1455f/bd624d16),Подули ветры разлились реки (полная) (https://dl.airtable.com/.attachments/2486208cb7ad6dff034f387eb653bc40/5516055d)",,Cm,4/4,Умеренный,74,Утверждение и Посвящение,,2.6.2019,
Велик наш Господь ,,ахвегс,,Велик наш Господь (https://dl.airtable.com/hF7GrPsEQAekUqcL84uo_%D0%92%D0%B5%D0%BB%D0%B8%D0%BA%20%D0%BD%D0%B0%D1%88%20%D0%93%D0%BE%D1%81%D0%BF%D0%BE%D0%B4%D1%8C),,"D,F,G",4/4,Быстрый,140,Призыв к Поклонению,,26.5.2019,
Прославим братья Иисуса Христа,Взойди на гору...,,,Прославим братья Иисуса Христа (https://dl.airtable.com/d0Otf8WR3aXWrSNYyLQN_%D0%9F%D1%80%D0%BE%D1%81%D0%BB%D0%B0%D0%B2%D0%B8%D0%BC%20%D0%B1%D1%80%D0%B0%D1%82%D1%8C%D1%8F%20%D0%98%D0%B8%D1%81%D1%83%D1%81%D0%B0%20%D0%A5%D1%80%D0%B8%D1%81%D1%82%D0%B0),,"E,F",4/4,Быстрый,130,"Прославление,Утверждение и Посвящение",Вступление,26.5.2019,
Я буду Твой,,,,Я буду Твой Ты будешь мой (https://dl.airtable.com/xhJQIvBaQzyzJu37HD0V_%D0%AF%20%D0%B1%D1%83%D0%B4%D1%83%20%D0%A2%D0%B2%D0%BE%D0%B9%20%D0%A2%D1%8B%20%D0%B1%D1%83%D0%B4%D0%B5%D1%88%D1%8C%20%D0%BC%D0%BE%D0%B9),,F,4/4,Умеренный,48,,,26.5.2019,
Сделай сердце мне ,,ахвегс,,Сделай сердце мне (https://dl.airtable.com/d3LbTPncSJaxGE6GPuAH_%D0%A1%D0%B4%D0%B5%D0%BB%D0%B0%D0%B9%20%D1%81%D0%B5%D1%80%D0%B4%D1%86%D0%B5%20%D0%BC%D0%BD%D0%B5),,F,4/4,Медленный,70,,,26.5.2019,
Благодарю Тебя Господь за все,,Краеугольный камень,,Благодарю Тебя Господь (https://dl.airtable.com/EltFtlmeSlWYYTzKMhW8_%D0%91%D0%BB%D0%B0%D0%B3%D0%BE%D0%B4%D0%B0%D1%80%D1%8E%20%D0%A2%D0%B5%D0%B1%D1%8F%20%D0%93%D0%BE%D1%81%D0%BF%D0%BE%D0%B4%D1%8C),,F,4/4,Умеренный,104,"Прославление,Мир и Надежда",,26.5.2019,
Аллилуйя,Будь прославлен Бог Великий,,,Аллилуйя (акапелла) (https://dl.airtable.com/bkCNqXpXSw24m4ecGUwC_%D0%90%D0%BB%D0%BB%D0%B8%D0%BB%D1%83%D0%B9%D1%8F%20(%D0%B0%D0%BA%D0%B0%D0%BF%D0%B5%D0%BB%D0%BB%D0%B0)),Аллилуйя (акапелла) (Key - A).pdf (https://dl.airtable.com/qoaASNAFR2e5pEVY28R0_%D0%90%D0%BB%D0%BB%D0%B8%D0%BB%D1%83%D0%B9%D1%8F%20(%D0%B0%D0%BA%D0%B0%D0%BF%D0%B5%D0%BB%D0%BB%D0%B0)%20(Key%20-%20A).pdf),A,4/4,Умеренный,66,Прославление,,23.5.2019,
Каждый кто жаждет ,,,,Каждый кто жаждет (https://dl.airtable.com/Fvtth2UXTXSbCAF8SJOf_%D0%9A%D0%B0%D0%B6%D0%B4%D1%8B%D0%B9%20%D0%BA%D1%82%D0%BE%20%D0%B6%D0%B0%D0%B6%D0%B4%D0%B5%D1%82),Каждый кто жаждет (Key - F).pdf (https://dl.airtable.com/1mbSG6woSjycZBLB9Osr_%D0%9A%D0%B0%D0%B6%D0%B4%D1%8B%D0%B9%20%D0%BA%D1%82%D0%BE%20%D0%B6%D0%B0%D0%B6%D0%B4%D0%B5%D1%82%20(Key%20-%20F).pdf),"D,F",12/8,Умеренный,54,,,23.5.2019,
Милости Твоей ,,,,Милости Твоей (https://dl.airtable.com/76QYS0dUTu8ks7196AmR_%D0%9C%D0%B8%D0%BB%D0%BE%D1%81%D1%82%D0%B8%20%D0%A2%D0%B2%D0%BE%D0%B5%D0%B9),,"Fm,Em",4/4,Медленный,,Любовь Благодать и Милость,Причастие,23.5.2019,
Ты омой меня ,,ахвегс,,"Ты омой меня G (https://dl.airtable.com/GwqqgoZYTcOSPo21MZh8_%D0%A2%D1%8B%20%D0%BE%D0%BC%D0%BE%D0%B9%20%D0%BC%D0%B5%D0%BD%D1%8F%20G),Ты омой меня F (https://dl.airtable.com/GP1bHYdkSkK3HvFKBFjQ_%D0%A2%D1%8B%20%D0%BE%D0%BC%D0%BE%D0%B9%20%D0%BC%D0%B5%D0%BD%D1%8F%20F)",,"F,G",4/4,Умеренный,70,Утверждение и Посвящение,,23.5.2019,
Как глубока Твоя любовь ,,ахвегс,,Как глубока Твоя любовь (https://dl.airtable.com/kXE7awdIR66oBJnyxWqs_%D0%9A%D0%B0%D0%BA%20%D0%B3%D0%BB%D1%83%D0%B1%D0%BE%D0%BA%D0%B0%20%D0%A2%D0%B2%D0%BE%D1%8F%20%D0%BB%D1%8E%D0%B1%D0%BE%D0%B2%D1%8C),,Dm,4/4,Медленный,,"Любовь Благодать и Милость,Страдания Жертва Воскресение Искупление",,23.5.2019,
Имя Иисус в Нем свобода и любовь,,ахвегс,,Имя имя Иисус (https://dl.airtable.com/.attachments/125ed4655309843b4a150b5e257d061b/2b009a73),,C,4/4,Медленный,,"Качества Бога,Любовь Благодать и Милость",,23.5.2019,
Мое сердце ждет Тебя ,,ахвегс,,"Моё сердце ждёт Тебя F (https://dl.airtable.com/kYBfZ1roSsin7rGSXRgV_%D0%9C%D0%BE%D1%91%20%D1%81%D0%B5%D1%80%D0%B4%D1%86%D0%B5%20%D0%B6%D0%B4%D1%91%D1%82%20%D0%A2%D0%B5%D0%B1%D1%8F%20F),Моё сердце ждёт Тебя G (https://dl.airtable.com/ihKQEd6Qqm7AhBOUrVMq_%D0%9C%D0%BE%D1%91%20%D1%81%D0%B5%D1%80%D0%B4%D1%86%D0%B5%20%D0%B6%D0%B4%D1%91%D1%82%20%D0%A2%D0%B5%D0%B1%D1%8F%20G)",Моё сердце ждёт Тебя G (Key - G).pdf (https://dl.airtable.com/MY5VdthlQ2KBBeDszPo3_%D0%9C%D0%BE%D1%91%20%D1%81%D0%B5%D1%80%D0%B4%D1%86%D0%B5%20%D0%B6%D0%B4%D1%91%D1%82%20%D0%A2%D0%B5%D0%B1%D1%8F%20G%20(Key%20-%20G).pdf),"F,G,A",4/4,Умеренный,70,,,23.5.2019,
Иисус как чудесен Ты ,,,,Иисус как чудесен Ты (https://dl.airtable.com/k1eTdHj9QtOscdJ2q4tX_%D0%98%D0%B8%D1%81%D1%83%D1%81%20%D0%BA%D0%B0%D0%BA%20%D1%87%D1%83%D0%B4%D0%B5%D1%81%D0%B5%D0%BD%20%D0%A2%D1%8B),,Gm,4/4,Умеренный,60,,,23.5.2019,
Не бойся ибо Я с тобою ,,ахвегс,,Не бойся ибо Я с тобой (https://dl.airtable.com/hKOavmCT6ihHiq73dER3_%D0%9D%D0%B5%20%D0%B1%D0%BE%D0%B9%D1%81%D1%8F%20%D0%B8%D0%B1%D0%BE%20%D0%AF%20%D1%81%20%D1%82%D0%BE%D0%B1%D0%BE%D0%B9),,"Am,Gm",4/4,Быстрый,70,,,23.5.2019,
Не воинством не силой ,Затанцует хромой,ахвегс,,Не воинством не силою (https://dl.airtable.com/AKXrbYd1QIGrv51Ngy15_%D0%9D%D0%B5%20%D0%B2%D0%BE%D0%B8%D0%BD%D1%81%D1%82%D0%B2%D0%BE%D0%BC%20%D0%BD%D0%B5%20%D1%81%D0%B8%D0%BB%D0%BE%D1%8E),Не воинством не силою (Key - Dm).pdf (https://dl.airtable.com/b5v7XuIXRRKt8y21VvDK_%D0%9D%D0%B5%20%D0%B2%D0%BE%D0%B8%D0%BD%D1%81%D1%82%D0%B2%D0%BE%D0%BC%20%D0%BD%D0%B5%20%D1%81%D0%B8%D0%BB%D0%BE%D1%8E%20(Key%20-%20Dm).pdf),Dm,4/4,Быстрый,126,Качества Бога,,23.5.2019,
В сиянии Царя,,,,В сиянии Царя (https://dl.airtable.com/e4bw2xtJTkuR8Pk81oAl_%D0%92%20%D1%81%D0%B8%D1%8F%D0%BD%D0%B8%D0%B8%20%D0%A6%D0%B0%D1%80%D1%8F),,G,4/4,Умеренный,,Качества Бога,,23.5.2019,
Святый Бог наш,,,,Святый Бог наш (https://dl.airtable.com/.attachments/39ec07f570bc367d34075d57ba606016/4ca46acc),,G,4/4,Умеренный,70,Качества Бога,,23.5.2019,
Иисус Ты мой Господь ,,,,Иисус Ты мой Господь (https://dl.airtable.com/bg7oezblQ3JHGIKwVgtw_%D0%98%D0%B8%D1%81%D1%83%D1%81%20%D0%A2%D1%8B%20%D0%BC%D0%BE%D0%B9%20%D0%93%D0%BE%D1%81%D0%BF%D0%BE%D0%B4%D1%8C),,"F,G",4/4,Умеренный,80,,,19.5.2019,
Ты живой Господь ,,,,Ты живой Господь (https://dl.airtable.com/xP89iMTsSwYJAaPixpBQ_%D0%A2%D1%8B%20%D0%B6%D0%B8%D0%B2%D0%BE%D0%B9%20%D0%93%D0%BE%D1%81%D0%BF%D0%BE%D0%B4%D1%8C),,Em,4/4,Умеренный,80,Прославление,,19.5.2019,
Стоял Ты пред всем твореньем,,Hillsong,,Стоял Ты пред всем творением (https://dl.airtable.com/0BvvOCZZTF2emCf6cuJ2_%D0%A1%D1%82%D0%BE%D1%8F%D0%BB%20%D0%A2%D1%8B%20%D0%BF%D1%80%D0%B5%D0%B4%20%D0%B2%D1%81%D0%B5%D0%BC%20%D1%82%D0%B2%D0%BE%D1%80%D0%B5%D0%BD%D0%B8%D0%B5%D0%BC),,G,4/4,Умеренный,72,Утверждение и Посвящение,,19.5.2019,
Иду за Тобой,,Ятковский,,Иду за Тобой (https://dl.airtable.com/yRKoiZ96T4y1NrzGPPIN_%D0%98%D0%B4%D1%83%20%D0%B7%D0%B0%20%D0%A2%D0%BE%D0%B1%D0%BE%D0%B9),,D,4/4,Умеренный,72,,,19.5.2019,
Бог моя надежда ,,ахвегс,,Бог  моя надежда D (https://dl.airtable.com/gzsHsXSAQ7CtAOke2ecW_%D0%91%D0%BE%D0%B3%20%20%D0%BC%D0%BE%D1%8F%20%D0%BD%D0%B0%D0%B4%D0%B5%D0%B6%D0%B4%D0%B0%20D),,D,4/4,Умеренный,66,Страдания Жертва Воскресение Искупление,Причастие,12.5.2019,
Приходим мы к Тебе Господь,,,,Приходим мы к Тебе Господь (https://dl.airtable.com/naI1MmUmQ6igBheeRw1Z_%D0%9F%D1%80%D0%B8%D1%85%D0%BE%D0%B4%D0%B8%D0%BC%20%D0%BC%D1%8B%20%D0%BA%20%D0%A2%D0%B5%D0%B1%D0%B5%20%D0%93%D0%BE%D1%81%D0%BF%D0%BE%D0%B4%D1%8C),,D,4/4,,,,,12.5.2019,
Только Ты Господь упование мое,,Новое Поколение,,Только Ты Господь упование мое (https://dl.airtable.com/gl9noR9FTIWqAUEr56Qv_%D0%A2%D0%BE%D0%BB%D1%8C%D0%BA%D0%BE%20%D0%A2%D1%8B%20%D0%93%D0%BE%D1%81%D0%BF%D0%BE%D0%B4%D1%8C%20%D1%83%D0%BF%D0%BE%D0%B2%D0%B0%D0%BD%D0%B8%D0%B5%20%D0%BC%D0%BE%D0%B5),,C,4/4,Быстрый,,Утверждение и Посвящение,,12.5.2019,
Коронован всеми Ты ,,ахвегс,,Коронован всеми Ты (https://dl.airtable.com/7VhZ8yTLSqm50l4VEU7B_%D0%9A%D0%BE%D1%80%D0%BE%D0%BD%D0%BE%D0%B2%D0%B0%D0%BD%20%D0%B2%D1%81%D0%B5%D0%BC%D0%B8%20%D0%A2%D1%8B),,"E,G",4/4,Умеренный,140,,,12.5.2019,
Ликуйте небеса,,,,Ликуйте небеса (https://dl.airtable.com/fEDiqRVcScW6ZjZgKYK9_%D0%9B%D0%B8%D0%BA%D1%83%D0%B9%D1%82%D0%B5%20%D0%BD%D0%B5%D0%B1%D0%B5%D1%81%D0%B0),,Am,4/4,Быстрый,136,"Призыв к Поклонению,Прославление",Вступление,5.5.2019,
Преданный решительный ,,,,Преданный решительный (https://dl.airtable.com/CZ1QAlq5SSalXqEovuXM_%D0%9F%D1%80%D0%B5%D0%B4%D0%B0%D0%BD%D0%BD%D1%8B%D0%B9%20%D1%80%D0%B5%D1%88%D0%B8%D1%82%D0%B5%D0%BB%D1%8C%D0%BD%D1%8B%D0%B9),,"D,F",4/4,Медленный,70,Качества Бога,,5.5.2019,Пс. 90:1-2
Имени Господню хвала ,Достоин Ты достоин,А. Ледяев,,Имени Господню хвала (https://dl.airtable.com/qUptdR9xS9Wk4Uo2PO55_%D0%98%D0%BC%D0%B5%D0%BD%D0%B8%20%D0%93%D0%BE%D1%81%D0%BF%D0%BE%D0%B4%D0%BD%D1%8E%20%D1%85%D0%B2%D0%B0%D0%BB%D0%B0),,D,4/4,Умеренный,68,,,5.5.2019,
Хвала с небес,В наш мир вернулась красота,,,Хвала с небес (https://dl.airtable.com/TvkadpNSkOi7RrmmLxs2_%D0%A5%D0%B2%D0%B0%D0%BB%D0%B0%20%D1%81%20%D0%BD%D0%B5%D0%B1%D0%B5%D1%81),,G,4/4,Умеренный,90,,,28.4.2019,
Аллилуйя Иисус Он живой,,дело веры,,Аллилуйя Иисус Он живой (https://dl.airtable.com/sRRbYzZZTCCzJdxBnrjM_%D0%90%D0%BB%D0%BB%D0%B8%D0%BB%D1%83%D0%B9%D1%8F%20%D0%98%D0%B8%D1%81%D1%83%D1%81%20%D0%9E%D0%BD%20%D0%B6%D0%B8%D0%B2%D0%BE%D0%B9),Аллилуйя Иисус Он живой (Key - A).pdf (https://dl.airtable.com/PznEDc3iTnm4mG3XJgBQ_%D0%90%D0%BB%D0%BB%D0%B8%D0%BB%D1%83%D0%B9%D1%8F%20%D0%98%D0%B8%D1%81%D1%83%D1%81%20%D0%9E%D0%BD%20%D0%B6%D0%B8%D0%B2%D0%BE%D0%B9%20(Key%20-%20A).pdf),A,4/4,Быстрый,150,Страдания Жертва Воскресение Искупление,Пасха,28.4.2019,
Верю я ,,,,Верю я (https://dl.airtable.com/mgFpclljQKGs8M18husO_%D0%92%D0%B5%D1%80%D1%8E%20%D1%8F),,"E,F",4/4,Быстрый,124,Вера и Истина,,28.4.2019,
Жертвой Иисуса Христа ,,,,Жертвой Иисуса Христа (https://dl.airtable.com/98l5fQJdRQ6L4OK8Nf1k_%D0%96%D0%B5%D1%80%D1%82%D0%B2%D0%BE%D0%B9%20%D0%98%D0%B8%D1%81%D1%83%D1%81%D0%B0%20%D0%A5%D1%80%D0%B8%D1%81%D1%82%D0%B0),,A,4/4,Быстрый,124,Страдания Жертва Воскресение Искупление,,28.4.2019,
Вспоминаю тот день,Он воскрес,Божье прикосновение,,Вспоминаю тот день (Он воскрес) (https://dl.airtable.com/DGN1GBc6RuS6ORt1S7pY_%D0%92%D1%81%D0%BF%D0%BE%D0%BC%D0%B8%D0%BD%D0%B0%D1%8E%20%D1%82%D0%BE%D1%82%20%D0%B4%D0%B5%D0%BD%D1%8C%20(%D0%9E%D0%BD%20%D0%B2%D0%BE%D1%81%D0%BA%D1%80%D0%B5%D1%81)),,G,4/4,Медленный,66,Страдания Жертва Воскресение Искупление,Пасха,28.4.2019,
Аллилуйя Иисус воскрес,,Часовня у Голгофы г. Владимир,,Аллилуйя Иисус воскрес (https://dl.airtable.com/.attachments/e2bab037cd9f77c5fa02abae0ce7828e/bb0ad62b),,E,4/4,Быстрый,120,Страдания Жертва Воскресение Искупление,Пасха,28.4.2019,
Ты прекраснее всего на свете ,,ахвегс,,Ты прекраснее всего на свете (https://dl.airtable.com/vDdPip8TSDWGfaEEiQ2O_%D0%A2%D1%8B%20%D0%BF%D1%80%D0%B5%D0%BA%D1%80%D0%B0%D1%81%D0%BD%D0%B5%D0%B5%20%D0%B2%D1%81%D0%B5%D0%B3%D0%BE%20%D0%BD%D0%B0%20%D1%81%D0%B2%D0%B5%D1%82%D0%B5),,A,4/4,Медленный,68,Качества Бога,,21.4.2019,
Иисус Ты скала спасенья ,,ахвегс,,Иисус Ты скала спасенья (https://dl.airtable.com/Z3dI2A6jRiuAwSLkzzHL_%D0%98%D0%B8%D1%81%D1%83%D1%81%20%D0%A2%D1%8B%20%D1%81%D0%BA%D0%B0%D0%BB%D0%B0%20%D1%81%D0%BF%D0%B0%D1%81%D0%B5%D0%BD%D1%8C%D1%8F),,"F,G,D",4/4,Быстрый,120,,,21.4.2019,
Ты то чем я дышу,,,,Ты то чем я дышу (https://dl.airtable.com/CTr2ocgUS32rFq8mzJvr_%D0%A2%D1%8B%20%D1%82%D0%BE%20%D1%87%D0%B5%D0%BC%20%D1%8F%20%D0%B4%D1%8B%D1%88%D1%83),,A,4/4,Медленный,64,,,21.4.2019,
Прихожу к Тебе я,,ахвегс,,Прихожу к Тебе я (https://dl.airtable.com/iM5hFGQcSyixmdz1BsGz_%D0%9F%D1%80%D0%B8%D1%85%D0%BE%D0%B6%D1%83%20%D0%BA%20%D0%A2%D0%B5%D0%B1%D0%B5%20%D1%8F),,A,4/4,Умеренный,66,Прославление,,18.4.2019,
Славь Господа,Славь Господа в небесах,,,Славь Господа (https://dl.airtable.com/OTAFJdmQRteM3j3Wo1OB_%D0%A1%D0%BB%D0%B0%D0%B2%D1%8C%20%D0%93%D0%BE%D1%81%D0%BF%D0%BE%D0%B4%D0%B0),,G,4/4,Умеренный,70,,,17.4.2019,
Ты Вседержитель благой ,,ахвегс,,"Ты Вседержитель благой E (https://dl.airtable.com/7jIL5BYQTaXeAm3MINl1_%D0%A2%D1%8B%20%D0%92%D1%81%D0%B5%D0%B4%D0%B5%D1%80%D0%B6%D0%B8%D1%82%D0%B5%D0%BB%D1%8C%20%D0%B1%D0%BB%D0%B0%D0%B3%D0%BE%D0%B9%20E),Ты Вседержитель благой F (https://dl.airtable.com/DmJORXInToqaCp0es1GI_%D0%A2%D1%8B%20%D0%92%D1%81%D0%B5%D0%B4%D0%B5%D1%80%D0%B6%D0%B8%D1%82%D0%B5%D0%BB%D1%8C%20%D0%B1%D0%BB%D0%B0%D0%B3%D0%BE%D0%B9%20F)",,"E,F",4/4,Быстрый,130,Утверждение и Посвящение,,14.4.2019,
Хвала Тебе наш Господь ,,,,Хвала Тебе наш Господь (https://dl.airtable.com/GEYwauxkQCFOuZY2IpBI_%D0%A5%D0%B2%D0%B0%D0%BB%D0%B0%20%D0%A2%D0%B5%D0%B1%D0%B5%20%D0%BD%D0%B0%D1%88%20%D0%93%D0%BE%D1%81%D0%BF%D0%BE%D0%B4%D1%8C),,F,4/4,Медленный,,Утверждение и Посвящение,,14.4.2019,
Слава и честь и хвала вовеки ,,ахвегс,,Слава и честь и хвала вовеки (https://dl.airtable.com/SXDOvxyITPe0tK08hYQv_%D0%A1%D0%BB%D0%B0%D0%B2%D0%B0%20%D0%B8%20%D1%87%D0%B5%D1%81%D1%82%D1%8C%20%D0%B8%20%D1%85%D0%B2%D0%B0%D0%BB%D0%B0%20%D0%B2%D0%BE%D0%B2%D0%B5%D0%BA%D0%B8),,D,4/4,Умеренный,,,,14.4.2019,
Слава и честь Тебе,,,,Слава и честь Тебе (https://dl.airtable.com/XGpbpL1SKsNFVAAcAOmQ_%D0%A1%D0%BB%D0%B0%D0%B2%D0%B0%20%D0%B8%20%D1%87%D0%B5%D1%81%D1%82%D1%8C%20%D0%A2%D0%B5%D0%B1%D0%B5),,G,4/4,,,,,14.4.2019,
Ты искупил мир от греха,,,,Ты искупил мир от греха (https://dl.airtable.com/TCYKPwd9SmC84F3yzWmC_%D0%A2%D1%8B%20%D0%B8%D1%81%D0%BA%D1%83%D0%BF%D0%B8%D0%BB%20%D0%BC%D0%B8%D1%80%20%D0%BE%D1%82%20%D0%B3%D1%80%D0%B5%D1%85%D0%B0),,"F,G",4/4,Медленный,68,"Прославление,Страдания Жертва Воскресение Искупление",,14.4.2019,
Воспойте хвалу Царю Царей,,,,Воспойте хвалу Царю Царей (https://dl.airtable.com/FM7QlfkmQKyUF31e2lWY_%D0%92%D0%BE%D1%81%D0%BF%D0%BE%D0%B9%D1%82%D0%B5%20%D1%85%D0%B2%D0%B0%D0%BB%D1%83%20%D0%A6%D0%B0%D1%80%D1%8E%20%D0%A6%D0%B0%D1%80%D0%B5%D0%B9),Воспойте хвалу Царю Царей (Key - F).pdf (https://dl.airtable.com/obGyrxbGRXauSDbdPfaB_%D0%92%D0%BE%D1%81%D0%BF%D0%BE%D0%B9%D1%82%D0%B5%20%D1%85%D0%B2%D0%B0%D0%BB%D1%83%20%D0%A6%D0%B0%D1%80%D1%8E%20%D0%A6%D0%B0%D1%80%D0%B5%D0%B9%20(Key%20-%20F).pdf),F,4/4,Быстрый,130,"Любовь Благодать и Милость,Призыв к Поклонению",,14.4.2019,
Он вознесенный ,,ахвегс,,Он вознесенный (https://dl.airtable.com/DXT9kimRThyBC3B7XjdC_%D0%9E%D0%BD%20%D0%B2%D0%BE%D0%B7%D0%BD%D0%B5%D1%81%D0%B5%D0%BD%D0%BD%D1%8B%D0%B9),,"F,G",6/8,Умеренный,60,,,7.4.2019,
Ты наш Господь один ,Возвышаю ,ахвегс,,"Ты наш Господь один D (https://dl.airtable.com/oNNeQNGRkWYdSqgawx0H_%D0%A2%D1%8B%20%D0%BD%D0%B0%D1%88%20%D0%93%D0%BE%D1%81%D0%BF%D0%BE%D0%B4%D1%8C%20%D0%BE%D0%B4%D0%B8%D0%BD%20D),Ты наш Господь один E (https://dl.airtable.com/geto2SXSI2vum2BF3KbW_%D0%A2%D1%8B%20%D0%BD%D0%B0%D1%88%20%D0%93%D0%BE%D1%81%D0%BF%D0%BE%D0%B4%D1%8C%20%D0%BE%D0%B4%D0%B8%D0%BD%20E),Ты наш Господь один F (https://dl.airtable.com/YItGqYM1TGKU51vqx38D_%D0%A2%D1%8B%20%D0%BD%D0%B0%D1%88%20%D0%93%D0%BE%D1%81%D0%BF%D0%BE%D0%B4%D1%8C%20%D0%BE%D0%B4%D0%B8%D0%BD%20F)",,"D,E,F",4/4,Умеренный,,Прославление,,7.4.2019,
Одного прошу Господи,,Краеугольный камень,,Одного прошу Господи (https://dl.airtable.com/mkxc4TrmQQOfO4qLfthj_%D0%9E%D0%B4%D0%BD%D0%BE%D0%B3%D0%BE%20%D0%BF%D1%80%D0%BE%D1%88%D1%83%20%D0%93%D0%BE%D1%81%D0%BF%D0%BE%D0%B4%D0%B8),,Dm,4/4,Умеренный,,,,7.4.2019,
Вся земля хвалу поет,,,,Вся земля хвалу поёт (https://dl.airtable.com/DfivP7qRwyBGYAEZs1oQ_%D0%92%D1%81%D1%8F%20%D0%B7%D0%B5%D0%BC%D0%BB%D1%8F%20%D1%85%D0%B2%D0%B0%D0%BB%D1%83%20%D0%BF%D0%BE%D1%91%D1%82),,D,4/4,Умеренный,74,,,7.4.2019,
За меня Ты жизнь отдал,,ахвегс,,За меня Ты жизнь отдал (https://dl.airtable.com/tOaaQPYASQ6vknYXX7y1_%D0%97%D0%B0%20%D0%BC%D0%B5%D0%BD%D1%8F%20%D0%A2%D1%8B%20%D0%B6%D0%B8%D0%B7%D0%BD%D1%8C%20%D0%BE%D1%82%D0%B4%D0%B0%D0%BB),,"C,D",4/4,Медленный,,Страдания Жертва Воскресение Искупление,Причастие,7.4.2019,
Свят Бог святы небеса ,,ахвегс,,Свят Бог святы небеса (https://dl.airtable.com/A132coqWQsOd7SbUBPtu_%D0%A1%D0%B2%D1%8F%D1%82%20%D0%91%D0%BE%D0%B3%20%D1%81%D0%B2%D1%8F%D1%82%D1%8B%20%D0%BD%D0%B5%D0%B1%D0%B5%D1%81%D0%B0),,Dm,4/4,Умеренный,66,,,7.4.2019,
Раз я к Господу воззвал,,,,Раз я  к  Господу  воззвал (https://dl.airtable.com/T4Dq12GTWpHFe9GLIhqA_%D0%A0%D0%B0%D0%B7%20%D1%8F%20%20%D0%BA%20%20%D0%93%D0%BE%D1%81%D0%BF%D0%BE%D0%B4%D1%83%20%20%D0%B2%D0%BE%D0%B7%D0%B7%D0%B2%D0%B0%D0%BB),,C,4/4,Быстрый,124,Утверждение и Посвящение,Десятина,31.3.2019,
Аллилуйя слава Богу,Царю царей,,http://htmlpreview.github.io/?https://github.com/SergKnyz/ICF/blob/master/Export/Tablet/%D0%90%D0%BB%D0%BB%D0%B8%D0%BB%D1%83%D0%B9%D1%8F%20%D0%90%D0%BB%D0%BB%D0%B8%D0%BB%D1%83%D0%B9%D1%8F%20(Key%20-%20B).html,Аллилуйя cлава Богу (https://dl.airtable.com/2zLtWL2ISiC1RMhu3c59_%D0%90%D0%BB%D0%BB%D0%B8%D0%BB%D1%83%D0%B9%D1%8F%20c%D0%BB%D0%B0%D0%B2%D0%B0%20%D0%91%D0%BE%D0%B3%D1%83),Аллилуйя cлава Богу (Key - C).pdf (https://dl.airtable.com/cdPYYxyjTGGJgNekR8hj_%D0%90%D0%BB%D0%BB%D0%B8%D0%BB%D1%83%D0%B9%D1%8F%20c%D0%BB%D0%B0%D0%B2%D0%B0%20%D0%91%D0%BE%D0%B3%D1%83%20(Key%20-%20C).pdf),C,4/4,Умеренный,70,Прославление,,31.3.2019,
Ты моя слава крепость и сила,,Ятковский,,Ты моя слава (https://dl.airtable.com/CiZCJLxfRgCiM2N3Cw1G_%D0%A2%D1%8B%20%D0%BC%D0%BE%D1%8F%20%D1%81%D0%BB%D0%B0%D0%B2%D0%B0),,Hm,4/4,Умеренный,88,"Прославление,Страдания Жертва Воскресение Искупление",,31.3.2019,
Твоей славы полон дом ,,ахвегс,,Твоей славы полон дом (https://dl.airtable.com/7TC5uvgTrms8xcFL3bQz_%D0%A2%D0%B2%D0%BE%D0%B5%D0%B9%20%D1%81%D0%BB%D0%B0%D0%B2%D1%8B%20%D0%BF%D0%BE%D0%BB%D0%BE%D0%BD%20%D0%B4%D0%BE%D0%BC),,C,4/4,Умеренный,80,,,31.3.2019,
Отче наш,,,,Отче наш (https://dl.airtable.com/.attachments/4b81b79ddbef59137aa8aa612d709d94/647ed1cb),,Am,4/4,Медленный,64,,,24.3.2019,Мтф 6:9
Великий Бог (гимн) ,Когда поёт...,,,Великий Бог когда A (https://dl.airtable.com/IubqTOg2QG2YGHiI3YJg_%D0%92%D0%B5%D0%BB%D0%B8%D0%BA%D0%B8%D0%B9%20%D0%91%D0%BE%D0%B3%20%D0%BA%D0%BE%D0%B3%D0%B4%D0%B0%20A),,A,2/4,Умеренный,66,Качества Бога,,24.3.2019,
Видел я Господа ,,,,Видел я Господа (https://dl.airtable.com/D1Dgj0rmTmerm1XoaTO5_%D0%92%D0%B8%D0%B4%D0%B5%D0%BB%20%D1%8F%20%D0%93%D0%BE%D1%81%D0%BF%D0%BE%D0%B4%D0%B0),,"C,B",4/4,Умеренный,72,Качества Бога,,24.3.2019,Ис 6:1
Радостью я возрадуюсь,,Новый Иерусалим,,Радостью я возрадуюсь (https://dl.airtable.com/Y9DVSzMwTMuvY5X8Vj9T_%D0%A0%D0%B0%D0%B4%D0%BE%D1%81%D1%82%D1%8C%D1%8E%20%D1%8F%20%D0%B2%D0%BE%D0%B7%D1%80%D0%B0%D0%B4%D1%83%D1%8E%D1%81%D1%8C),,Em,2/4,Умеренный,66,Утверждение и Посвящение,Десятина,24.3.2019,Ис 61:10
Осанна ,,ахвегс,,Осанна Осанна (https://dl.airtable.com/7gcOBY05QomWBwckBRZJ_%D0%9E%D1%81%D0%B0%D0%BD%D0%BD%D0%B0%20%D0%9E%D1%81%D0%B0%D0%BD%D0%BD%D0%B0),,"F,G",,Быстрый,,,,21.3.2019,
Велика Твоя милость ,,,,Велика Твоя милость ко мне (https://dl.airtable.com/vlFCB3TvRA6YVl6FdZh4_%D0%92%D0%B5%D0%BB%D0%B8%D0%BA%D0%B0%20%D0%A2%D0%B2%D0%BE%D1%8F%20%D0%BC%D0%B8%D0%BB%D0%BE%D1%81%D1%82%D1%8C%20%D0%BA%D0%BE%20%D0%BC%D0%BD%D0%B5),,D,4/4,Медленный,70,Любовь Благодать и Милость,,17.3.2019,
От небесных вершин до глубоких морей,,Chris Tomlin,,От небесных вершин (https://dl.airtable.com/J7z0eMPUSlKyHFyPPu5g_%D0%9E%D1%82%20%D0%BD%D0%B5%D0%B1%D0%B5%D1%81%D0%BD%D1%8B%D1%85%20%D0%B2%D0%B5%D1%80%D1%88%D0%B8%D0%BD),,Dm,3/8,Умеренный,96,,,17.3.2019,
Вознесите Господа ,,,,Вознесите Господа (https://dl.airtable.com/nbAl9uDXSXep1psOsJGI_%D0%92%D0%BE%D0%B7%D0%BD%D0%B5%D1%81%D0%B8%D1%82%D0%B5%20%D0%93%D0%BE%D1%81%D0%BF%D0%BE%D0%B4%D0%B0),,Em,4/4,Медленный,,Качества Бога,,10.3.2019,
Во имя Господа Христа,,,,Во имя Господа Христа (https://dl.airtable.com/kVA6AQpERG6uMB5T8nYM_%D0%92%D0%BE%20%D0%B8%D0%BC%D1%8F%20%D0%93%D0%BE%D1%81%D0%BF%D0%BE%D0%B4%D0%B0%20%D0%A5%D1%80%D0%B8%D1%81%D1%82%D0%B0),,Em,4/4,Умеренный,90,Утверждение и Посвящение,Десятина,10.3.2019,
Только Ты один ,,,,,,F,4/4,Медленный,70,Страдания Жертва Воскресение Искупление,Причастие,10.3.2019,
Превыше силы,,,,Превыше силы (https://dl.airtable.com/pUPZUBWQjaRJkp2hRyQp_%D0%9F%D1%80%D0%B5%D0%B2%D1%8B%D1%88%D0%B5%20%D1%81%D0%B8%D0%BB%D1%8B),,"G,A",4/4,Медленный,66,,,3.3.2019,
Иисус Христос в ту ночь,,Ятковский,,Иисус Христос в ту ночь (https://dl.airtable.com/.attachments/9efe83ffaa9676ab029529a157606152/3856a7c1),,Am,4/4,Медленный,68,,Причастие,3.3.2019,
Аллилуйя Иисус наш Царь,,Краеугольный камень,,Аллилуйя Иисус наш Царь (https://dl.airtable.com/pCuDAY16T10MNY1aZqAj_%D0%90%D0%BB%D0%BB%D0%B8%D0%BB%D1%83%D0%B9%D1%8F%20%D0%98%D0%B8%D1%81%D1%83%D1%81%20%D0%BD%D0%B0%D1%88%20%D0%A6%D0%B0%D1%80%D1%8C),Аллилуйя Иисус наш Царь (Key - E).pdf (https://dl.airtable.com/nsNCzYJR8OJWHC7eO8xc_%D0%90%D0%BB%D0%BB%D0%B8%D0%BB%D1%83%D0%B9%D1%8F%20%D0%98%D0%B8%D1%81%D1%83%D1%81%20%D0%BD%D0%B0%D1%88%20%D0%A6%D0%B0%D1%80%D1%8C%20(Key%20-%20E).pdf),E,4/4,Быстрый,140,Прославление,,24.2.2019,
Вся жизнь лишь в Тебе ,,ахвегс,,Вся жизнь лишь в Тебе (https://dl.airtable.com/FPmTiH8aQfqlzzA4dFYM_%D0%92%D1%81%D1%8F%20%D0%B6%D0%B8%D0%B7%D0%BD%D1%8C%20%D0%BB%D0%B8%D1%88%D1%8C%20%D0%B2%20%D0%A2%D0%B5%D0%B1%D0%B5),,F,2/4,Быстрый,160,,,17.2.2019,
Перед Тобой склоняюсь я ,,ахвегс,,Перед тобой склоняюсь я 3к (https://dl.airtable.com/RQ71ayAyRri5Xh0l2aWR_%D0%9F%D0%B5%D1%80%D0%B5%D0%B4%20%D1%82%D0%BE%D0%B1%D0%BE%D0%B9%20%D1%81%D0%BA%D0%BB%D0%BE%D0%BD%D1%8F%D1%8E%D1%81%D1%8C%20%D1%8F%203%D0%BA),,G,4/4,Умеренный,70,,,17.2.2019,
Лишь в Тебе моя радость полна,,ахвегс,,Лишь в Тебе моя радость полна (https://dl.airtable.com/MeuZrENLQQ2CjRS7K9jt_%D0%9B%D0%B8%D1%88%D1%8C%20%D0%B2%20%D0%A2%D0%B5%D0%B1%D0%B5%20%D0%BC%D0%BE%D1%8F%20%D1%80%D0%B0%D0%B4%D0%BE%D1%81%D1%82%D1%8C%20%D0%BF%D0%BE%D0%BB%D0%BD%D0%B0),,"G,A",4/4,Умеренный,70,,,17.2.2019,
Иисус Христос мой Спаситель и Бог,,Ятковский,,ИХ мой Спаситель и Бог (https://dl.airtable.com/SDWMs5AQZ24kEwwgZFmY_%D0%98%D0%A5%20%D0%BC%D0%BE%D0%B9%20%D0%A1%D0%BF%D0%B0%D1%81%D0%B8%D1%82%D0%B5%D0%BB%D1%8C%20%D0%B8%20%D0%91%D0%BE%D0%B3),,A,2/4,Умеренный,86,"Утверждение и Посвящение,Качества Бога",,17.2.2019,
Пою я песню любви ,,ахвегс,,Пою я песню любви (https://dl.airtable.com/keKCyhRQT6Ov7oeDUQKC_%D0%9F%D0%BE%D1%8E%20%D1%8F%20%D0%BF%D0%B5%D1%81%D0%BD%D1%8E%20%D0%BB%D1%8E%D0%B1%D0%B2%D0%B8),,G,4/4,Медленный,68,,,10.2.2019,
Поклонюсь Тебе Иисус,,Краеугольный камень,,Поклонюсь Тебе Иисус (https://dl.airtable.com/OjLCZDn1THGojO9FzTUX_%D0%9F%D0%BE%D0%BA%D0%BB%D0%BE%D0%BD%D1%8E%D1%81%D1%8C%20%D0%A2%D0%B5%D0%B1%D0%B5%20%D0%98%D0%B8%D1%81%D1%83%D1%81),,"Gm,Am",4/4,Медленный,60,,,10.2.2019,
Я буду ожидать Тебя с раннего утра,,Краеугольный камень,,Я буду ожидать Тебя (https://dl.airtable.com/z241BJMT7Kc3YqIVclmS_%D0%AF%20%D0%B1%D1%83%D0%B4%D1%83%20%D0%BE%D0%B6%D0%B8%D0%B4%D0%B0%D1%82%D1%8C%20%D0%A2%D0%B5%D0%B1%D1%8F),,Gm,4/4,Медленный,64,Утверждение и Посвящение,,10.2.2019,
Воду в вино превратил,,Chris Tomlin,,"Воду в вино (https://dl.airtable.com/hV5pUVURhGcFb7QCCotK_%D0%92%D0%BE%D0%B4%D1%83%20%D0%B2%20%D0%B2%D0%B8%D0%BD%D0%BE),Воду в вино превратил (https://dl.airtable.com/kzOWo9C4TCSUpsCMhm8m_%D0%92%D0%BE%D0%B4%D1%83%20%D0%B2%20%D0%B2%D0%B8%D0%BD%D0%BE%20%D0%BF%D1%80%D0%B5%D0%B2%D1%80%D0%B0%D1%82%D0%B8%D0%BB)",Воду в вино превратил (Key - Em).pdf (https://dl.airtable.com/CycTmhHRQfiLyGzfjM8f_%D0%92%D0%BE%D0%B4%D1%83%20%D0%B2%20%D0%B2%D0%B8%D0%BD%D0%BE%20%D0%BF%D1%80%D0%B5%D0%B2%D1%80%D0%B0%D1%82%D0%B8%D0%BB%20(Key%20-%20Em).pdf),Em,4/4,Умеренный,100,Качества Бога,,10.2.2019,
Ты лоза мы ветви,,,,Ты лоза мы ветви (https://dl.airtable.com/TQjeQx1TwC834WqhkMgP_%D0%A2%D1%8B%20%D0%BB%D0%BE%D0%B7%D0%B0%20%D0%BC%D1%8B%20%D0%B2%D0%B5%D1%82%D0%B2%D0%B8),,Em,4/4,Медленный,70,,,10.2.2019,
Кровь Твоя очищает меня,,,,Кровь Твоя очищает меня (https://dl.airtable.com/xyzZRHIuQACnSufThs2R_%D0%9A%D1%80%D0%BE%D0%B2%D1%8C%20%D0%A2%D0%B2%D0%BE%D1%8F%20%D0%BE%D1%87%D0%B8%D1%89%D0%B0%D0%B5%D1%82%20%D0%BC%D0%B5%D0%BD%D1%8F),,A,4/4,Умеренный,,,Причастие,3.2.2019,
Бог есть любовь,,Кузнецов В.П.,,Бог есть любовь (https://dl.airtable.com/s54Q1n7IQCS3HGfYLI0g_%D0%91%D0%BE%D0%B3%20%D0%B5%D1%81%D1%82%D1%8C%20%D0%BB%D1%8E%D0%B1%D0%BE%D0%B2%D1%8C),,G,4/4,Умеренный,100,Любовь Благодать и Милость,,3.2.2019,
Разломи мое сердце на части,Ты согреваешь душу,,,Разломи мое сердце на части (https://dl.airtable.com/fLBjTKY4Q3CvDZdTR78y_%D0%A0%D0%B0%D0%B7%D0%BB%D0%BE%D0%BC%D0%B8%20%D0%BC%D0%BE%D0%B5%20%D1%81%D0%B5%D1%80%D0%B4%D1%86%D0%B5%20%D0%BD%D0%B0%20%D1%87%D0%B0%D1%81%D1%82%D0%B8),,Am,2/4,Медленный,60,,,3.2.2019,
Без конца буду петь,,,,Без конца буду петь (https://dl.airtable.com/.attachments/7d4e019e9f2573bedbf98d448f25547a/a0895ff7),,C,4/4,Быстрый,120,Утверждение и Посвящение,,27.1.2019,
Прославлю я ведь Ты достоин ,,,,Прославлю я ведь ты достоин (https://dl.airtable.com/Y5QzleIDT72dDknUXtzb_%D0%9F%D1%80%D0%BE%D1%81%D0%BB%D0%B0%D0%B2%D0%BB%D1%8E%20%D1%8F%20%D0%B2%D0%B5%D0%B4%D1%8C%20%D1%82%D1%8B%20%D0%B4%D0%BE%D1%81%D1%82%D0%BE%D0%B8%D0%BD),,Em,4/4,Быстрый,114,Прославление,,27.1.2019,
На святой земле,,ахвегс,,На святой земле (https://dl.airtable.com/9VUodqL1QS6jKbT2oF8w_%D0%9D%D0%B0%20%D1%81%D0%B2%D1%8F%D1%82%D0%BE%D0%B9%20%D0%B7%D0%B5%D0%BC%D0%BB%D0%B5),,"A,D",4/4,Медленный,,Прославление,,27.1.2019,
Тебе я поклонюсь,Хочу к Тебе прийти сейчас,,,Тебе я поклонюсь (https://dl.airtable.com/.attachments/841eb4a5f891f8845ec5aab77ed93dc4/aec0a0b4),,G,4/4,Умеренный,66,,,27.1.2019,
Любовью и силой ,,ахвегс,,Любовью и силой (https://dl.airtable.com/jt29P9onRgSVYi99TsnS_%D0%9B%D1%8E%D0%B1%D0%BE%D0%B2%D1%8C%D1%8E%20%D0%B8%20%D1%81%D0%B8%D0%BB%D0%BE%D0%B9),,Em,4/4,Медленный,60,,,20.1.2019,
Пою Господу вовеки ,Он ввергнул в море колесницы,ахвегс,,Пою Господу Вовеки (https://dl.airtable.com/7r6iy69aSIqpnEDYo3Mb_%D0%9F%D0%BE%D1%8E%20%D0%93%D0%BE%D1%81%D0%BF%D0%BE%D0%B4%D1%83%20%D0%92%D0%BE%D0%B2%D0%B5%D0%BA%D0%B8),,Em,4/4,Быстрый,120,,,20.1.2019,
Святой Всемогущий,,,,Святой Всемогущий (https://dl.airtable.com/9C5zhevgRZAOoJymoCP8_%D0%A1%D0%B2%D1%8F%D1%82%D0%BE%D0%B9%20%D0%92%D1%81%D0%B5%D0%BC%D0%BE%D0%B3%D1%83%D1%89%D0%B8%D0%B9),Святой Всемогущий (Key - Em).pdf (https://dl.airtable.com/EOwf755MTHyjNwA3SacI_%D0%A1%D0%B2%D1%8F%D1%82%D0%BE%D0%B9%20%D0%92%D1%81%D0%B5%D0%BC%D0%BE%D0%B3%D1%83%D1%89%D0%B8%D0%B9%20(Key%20-%20Em).pdf),"Dm,Em",4/4,Умеренный,70,Качества Бога,,20.1.2019,
Пусть слепой скажет вижу,,,,Пусть слепой скажет вижу (https://dl.airtable.com/TwAI6UuHRZeOKSuKaBll_%D0%9F%D1%83%D1%81%D1%82%D1%8C%20%D1%81%D0%BB%D0%B5%D0%BF%D0%BE%D0%B9%20%D1%81%D0%BA%D0%B0%D0%B6%D0%B5%D1%82%20%D0%B2%D0%B8%D0%B6%D1%83),,Em,4/4,Умеренный,70,Утверждение и Посвящение,,13.1.2019,
Велики и чудны Твои дела Господь,,,,Велики и чудны (https://dl.airtable.com/.attachments/88dd04ba0ce336af5cf020da9abeca9f/b524b6db),,"Dm,Em",2/4,Умеренный,62,Качества Бога,,13.1.2019,
Хвалите  хвалите Бога небес,,,,Хвалите  хвалите Бога небес (https://dl.airtable.com/PgaGgJjAQrCHezqBxL7A_%D0%A5%D0%B2%D0%B0%D0%BB%D0%B8%D1%82%D0%B5%20%20%D1%85%D0%B2%D0%B0%D0%BB%D0%B8%D1%82%D0%B5%20%D0%91%D0%BE%D0%B3%D0%B0%20%D0%BD%D0%B5%D0%B1%D0%B5%D1%81),,Dm,2/4,Умеренный,62,Призыв к Поклонению,Вступление,13.1.2019,
Вся земля полна славы и хвалы  ,,Slavic New Beginnings Church,,Вся земля полна славы и хвалы (https://dl.airtable.com/FB0lVMQSagEftouAmcHw_%D0%92%D1%81%D1%8F%20%D0%B7%D0%B5%D0%BC%D0%BB%D1%8F%20%D0%BF%D0%BE%D0%BB%D0%BD%D0%B0%20%D1%81%D0%BB%D0%B0%D0%B2%D1%8B%20%D0%B8%20%D1%85%D0%B2%D0%B0%D0%BB%D1%8B),,D,4/4,Умеренный,,,,7.1.2019,
Мира князь чудный Бог,,ахвегс,,Мира князь чудный Бог (https://dl.airtable.com/cu9SOZ33Sb6WekXgRyWq_%D0%9C%D0%B8%D1%80%D0%B0%20%D0%BA%D0%BD%D1%8F%D0%B7%D1%8C%20%D1%87%D1%83%D0%B4%D0%BD%D1%8B%D0%B9%20%D0%91%D0%BE%D0%B3),,"A,G",4/4,Медленный,,Качества Бога,,30.12.2018,
Мы любим славить ,,ахвегс,,Мы любим славить (https://dl.airtable.com/9rrLNcvROqLXEQDzd7uA_%D0%9C%D1%8B%20%D0%BB%D1%8E%D0%B1%D0%B8%D0%BC%20%D1%81%D0%BB%D0%B0%D0%B2%D0%B8%D1%82%D1%8C),,"D,G",4/4,Быстрый,,"Утверждение и Посвящение,Призыв к Поклонению",,23.12.2018,
Знаю я есть Бог,,,,Знаю я есть Бог (https://dl.airtable.com/lnLXnGdOQeq1rFOcMIT1_%D0%97%D0%BD%D0%B0%D1%8E%20%D1%8F%20%D0%B5%D1%81%D1%82%D1%8C%20%D0%91%D0%BE%D0%B3),,"Dm,Em",4/4,Быстрый,126,Любовь Благодать и Милость,,23.12.2018,
Я благодарен Твоя любовь ко мне,,ахвегс,,Я благодарен (https://dl.airtable.com/hdDsv54FR5mb0HQSQ0ty_%D0%AF%20%D0%B1%D0%BB%D0%B0%D0%B3%D0%BE%D0%B4%D0%B0%D1%80%D0%B5%D0%BD),,D,4/4,Умеренный,,Любовь Благодать и Милость,,20.12.2018,
Верю я в Иисуса ,,ахвегс,,Верю я в Иисуса (https://dl.airtable.com/bcqr3LaQmk6nZJnsZpxQ_%D0%92%D0%B5%D1%80%D1%8E%20%D1%8F%20%D0%B2%20%D0%98%D0%B8%D1%81%D1%83%D1%81%D0%B0),,"D,E",2/4,Умеренный,,Страдания Жертва Воскресение Искупление,,20.12.2018,
Мир радость и любовь ,,ахвегс,,Мир радость и любовь (https://dl.airtable.com/O1PeptiBRcioCfntJELE_%D0%9C%D0%B8%D1%80%20%D1%80%D0%B0%D0%B4%D0%BE%D1%81%D1%82%D1%8C%20%D0%B8%20%D0%BB%D1%8E%D0%B1%D0%BE%D0%B2%D1%8C),,"D,F",4/4,Медленный,68,,,20.12.2018,
Пусть сердце мое будет чисто ,,,,Пусть сердце моё будет чисто (https://dl.airtable.com/ImqruqXSKi33F4wx3krq_%D0%9F%D1%83%D1%81%D1%82%D1%8C%20%D1%81%D0%B5%D1%80%D0%B4%D1%86%D0%B5%20%D0%BC%D0%BE%D1%91%20%D0%B1%D1%83%D0%B4%D0%B5%D1%82%20%D1%87%D0%B8%D1%81%D1%82%D0%BE),,D,6/8,Быстрый,60,Утверждение и Посвящение,,20.12.2018,
Святый Бог в небесах ,,ахвегс,,Святый Бог в небесах (https://dl.airtable.com/mrZ2JWpZQRWaRHCuPA4n_%D0%A1%D0%B2%D1%8F%D1%82%D1%8B%D0%B9%20%D0%91%D0%BE%D0%B3%20%D0%B2%20%D0%BD%D0%B5%D0%B1%D0%B5%D1%81%D0%B0%D1%85),Святый Бог в небесах (Key - Em).pdf (https://dl.airtable.com/7QpXE4h0TUq5QYJramQ4_%D0%A1%D0%B2%D1%8F%D1%82%D1%8B%D0%B9%20%D0%91%D0%BE%D0%B3%20%D0%B2%20%D0%BD%D0%B5%D0%B1%D0%B5%D1%81%D0%B0%D1%85%20(Key%20-%20Em).pdf),Em,4/4,Умеренный,74,Качества Бога,,16.12.2018,
В Твоем Святом присутствии,Горы проблем,В. Короп,,В Твоём Святом присутствии (https://dl.airtable.com/zBjCSxB8SZaYG1oZ7swB_%D0%92%20%D0%A2%D0%B2%D0%BE%D1%91%D0%BC%20%D0%A1%D0%B2%D1%8F%D1%82%D0%BE%D0%BC%20%D0%BF%D1%80%D0%B8%D1%81%D1%83%D1%82%D1%81%D1%82%D0%B2%D0%B8%D0%B8),В Твоём Святом присутствии (Key - Em).pdf (https://dl.airtable.com/tooO8bFNTjSV26awYqgG_%D0%92%20%D0%A2%D0%B2%D0%BE%D1%91%D0%BC%20%D0%A1%D0%B2%D1%8F%D1%82%D0%BE%D0%BC%20%D0%BF%D1%80%D0%B8%D1%81%D1%83%D1%82%D1%81%D1%82%D0%B2%D0%B8%D0%B8%20(Key%20-%20Em).pdf),Em,4/4,Медленный,66,Качества Бога,,16.12.2018,
Он есть Господь царит в высоте,,,,Он есть Господь (https://dl.airtable.com/rOjrqlVQJy9UqveNc1MQ_%D0%9E%D0%BD%20%D0%B5%D1%81%D1%82%D1%8C%20%D0%93%D0%BE%D1%81%D0%BF%D0%BE%D0%B4%D1%8C),Он есть Господь царит в высоте (Key - G).pdf (https://dl.airtable.com/QLxMZUoSx6n54WknQPgx_%D0%9E%D0%BD%20%D0%B5%D1%81%D1%82%D1%8C%20%D0%93%D0%BE%D1%81%D0%BF%D0%BE%D0%B4%D1%8C%20%D1%86%D0%B0%D1%80%D0%B8%D1%82%20%D0%B2%20%D0%B2%D1%8B%D1%81%D0%BE%D1%82%D0%B5%20(Key%20-%20G).pdf),G,4/4,Умеренный,110,"Качества Бога,Утверждение и Посвящение",,9.12.2018,
Глас Господа услышан,Он сильный Израилев,ахвегс,,Глас Господа услышан (https://dl.airtable.com/Hl1sGWwQhCQzWb7h9ywg_%D0%93%D0%BB%D0%B0%D1%81%20%D0%93%D0%BE%D1%81%D0%BF%D0%BE%D0%B4%D0%B0%20%D1%83%D1%81%D0%BB%D1%8B%D1%88%D0%B0%D0%BD),Глас Господа услышан (Key - Am).pdf (https://dl.airtable.com/p55U69KWTVmi7EeaVwJz_%D0%93%D0%BB%D0%B0%D1%81%20%D0%93%D0%BE%D1%81%D0%BF%D0%BE%D0%B4%D0%B0%20%D1%83%D1%81%D0%BB%D1%8B%D1%88%D0%B0%D0%BD%20(Key%20-%20Am).pdf),Am,4/4,Быстрый,120,Качества Бога,,11.11.2018,
Иисус Иисус Святый Бог,Взываю я к Тебе,,,Иисус Иисус (https://dl.airtable.com/DAGqNeTRV4n37c8wVYQy_%D0%98%D0%B8%D1%81%D1%83%D1%81%20%D0%98%D0%B8%D1%81%D1%83%D1%81),,D,4/4,Медленный,64,Прославление,,2.11.2018,
Господу Богу Твоему поклоняйся ,,дело веры,,Господу Богу твоему поклоняйся (https://dl.airtable.com/gQXu22DTbimiV9JjqwGH_%D0%93%D0%BE%D1%81%D0%BF%D0%BE%D0%B4%D1%83%20%D0%91%D0%BE%D0%B3%D1%83%20%D1%82%D0%B2%D0%BE%D0%B5%D0%BC%D1%83%20%D0%BF%D0%BE%D0%BA%D0%BB%D0%BE%D0%BD%D1%8F%D0%B9%D1%81%D1%8F),,Am,2/4,Умеренный,60,Призыв к Поклонению,,28.10.2018,
Мой Господь спасибо ,,,,Мой Господь спасибо (https://dl.airtable.com/d5ghHkqkTRpKbkKaIdA6_%D0%9C%D0%BE%D0%B9%20%D0%93%D0%BE%D1%81%D0%BF%D0%BE%D0%B4%D1%8C%20%D1%81%D0%BF%D0%B0%D1%81%D0%B8%D0%B1%D0%BE),,"G,A",4/4,Умеренный,74,Страдания Жертва Воскресение Искупление,,21.10.2018,
Изливайте сердце ваше,,ахвегс,,Изливайте сердце ваше (https://dl.airtable.com/vwb42p47RwSM6wPAvJSf_%D0%98%D0%B7%D0%BB%D0%B8%D0%B2%D0%B0%D0%B9%D1%82%D0%B5%20%D1%81%D0%B5%D1%80%D0%B4%D1%86%D0%B5%20%D0%B2%D0%B0%D1%88%D0%B5),,"D,F",4/4,Быстрый,150,"Призыв к Поклонению,Прославление",Десятина,14.10.2018,
Поклоняюсь я у Твоих ног,,ахвегс,,Поклоняюсь я у Твоих ног (https://dl.airtable.com/M2ZlL9r8TwWX6dNCKCAj_%D0%9F%D0%BE%D0%BA%D0%BB%D0%BE%D0%BD%D1%8F%D1%8E%D1%81%D1%8C%20%D1%8F%20%D1%83%20%D0%A2%D0%B2%D0%BE%D0%B8%D1%85%20%D0%BD%D0%BE%D0%B3),,"D,F",4/4,Медленный,68,Любовь Благодать и Милость,,14.10.2018,
Шалом мои друзья,,,,Шалом мои друзья (https://dl.airtable.com/M3gTdXyRA6csmnQwknug_%D0%A8%D0%B0%D0%BB%D0%BE%D0%BC%20%D0%BC%D0%BE%D0%B8%20%D0%B4%D1%80%D1%83%D0%B7%D1%8C%D1%8F),,Gm,4/4,Быстрый,90,,Десятина,14.10.2018,
Эту песню неба Ангелы поют,,,,,,,4/4,Умеренный,,,,10.10.2018,
Имя Христа есть одно,,ахвегс,,Имя Христа (https://dl.airtable.com/PONbHuDqSeWvqYgGt3Cs_%D0%98%D0%BC%D1%8F%20%D0%A5%D1%80%D0%B8%D1%81%D1%82%D0%B0),,C,4/4,Умеренный,70,,,30.9.2018,
Мой покровитель Бог,,,,Мой покровитель Бог (https://dl.airtable.com/HJlPTidRGOKZYzx539yG_%D0%9C%D0%BE%D0%B9%20%D0%BF%D0%BE%D0%BA%D1%80%D0%BE%D0%B2%D0%B8%D1%82%D0%B5%D0%BB%D1%8C%20%D0%91%D0%BE%D0%B3),,Em,4/4,Быстрый,130,,,25.9.2018,
Иисус благодарю за Дух Святой,,Ятковский,,Иисус благодарю за Дух Святой G (https://dl.airtable.com/onEItVNCQCO5Y2ojD2ki_%D0%98%D0%B8%D1%81%D1%83%D1%81%20%D0%B1%D0%BB%D0%B0%D0%B3%D0%BE%D0%B4%D0%B0%D1%80%D1%8E%20%D0%B7%D0%B0%20%D0%94%D1%83%D1%85%20%D0%A1%D0%B2%D1%8F%D1%82%D0%BE%D0%B9%20G),,G,4/4,Умеренный,70,Утверждение и Посвящение,,23.9.2018,
Бог призвал нас ,,ахвегс,,Бог призвал нас (https://dl.airtable.com/2M5pAK2OTrKOXEBlqA8g_%D0%91%D0%BE%D0%B3%20%D0%BF%D1%80%D0%B8%D0%B7%D0%B2%D0%B0%D0%BB%20%D0%BD%D0%B0%D1%81),,G,4/4,Умеренный,,Церковь и Единство,,16.9.2018,
Я так рад Живой Живой (2 в одном),,ахвегс,,Я так рад Живой Живой (https://dl.airtable.com/1t5X2opVQtWRrFeJySRI_%D0%AF%20%D1%82%D0%B0%D0%BA%20%D1%80%D0%B0%D0%B4%20%D0%96%D0%B8%D0%B2%D0%BE%D0%B9%20%D0%96%D0%B8%D0%B2%D0%BE%D0%B9),,F,2/4,Умеренный,,,,16.9.2018,
Этот день сотворил Господь ,,ахвегс,,"Этот день (1 тон) (https://dl.airtable.com/T2SEFr36SBmvzN6rYALN_%D0%AD%D1%82%D0%BE%D1%82%20%D0%B4%D0%B5%D0%BD%D1%8C%20(1%20%D1%82%D0%BE%D0%BD)),Этот день сотворил Господь (https://dl.airtable.com/sMTTjrn8QMq5hJ1IJ8oD_%D0%AD%D1%82%D0%BE%D1%82%20%D0%B4%D0%B5%D0%BD%D1%8C%20%D1%81%D0%BE%D1%82%D0%B2%D0%BE%D1%80%D0%B8%D0%BB%20%D0%93%D0%BE%D1%81%D0%BF%D0%BE%D0%B4%D1%8C)",,"F,G",2/4,Быстрый,,,,16.9.2018,
Оковы пали ,,ахвегс,,Оковы пали (https://dl.airtable.com/zwBvxb9mTh6Sif2VMeOr_%D0%9E%D0%BA%D0%BE%D0%B2%D1%8B%20%D0%BF%D0%B0%D0%BB%D0%B8),,"D,F",2/4,Умеренный,90,,,16.9.2018,
В Твою крепкую руку ,,,,В Твою крепкую руку (https://dl.airtable.com/SM0ROzmyQ5e8V6WmBtYj_%D0%92%20%D0%A2%D0%B2%D0%BE%D1%8E%20%D0%BA%D1%80%D0%B5%D0%BF%D0%BA%D1%83%D1%8E%20%D1%80%D1%83%D0%BA%D1%83),,A,4/4,Умеренный,,Утверждение и Посвящение,,16.9.2018,
Тебе Господь мой Царь ,,,,Тебе Господь мой Царь (https://dl.airtable.com/N9HGN4uWQ18grFmjsjkD_%D0%A2%D0%B5%D0%B1%D0%B5%20%D0%93%D0%BE%D1%81%D0%BF%D0%BE%D0%B4%D1%8C%20%D0%BC%D0%BE%D0%B9%20%D0%A6%D0%B0%D1%80%D1%8C),,"F,G",4/4,Умеренный,68,Прославление,,9.9.2018,
Бог моя сила Тебе я пою,,,,Бог моя сила Тебе я пою (https://dl.airtable.com/C8qxCn2KQxGIG2H6Sozl_%D0%91%D0%BE%D0%B3%20%D0%BC%D0%BE%D1%8F%20%D1%81%D0%B8%D0%BB%D0%B0%20%D0%A2%D0%B5%D0%B1%D0%B5%20%D1%8F%20%D0%BF%D0%BE%D1%8E),,E,6/8,Умеренный,60,Утверждение и Посвящение,,26.8.2018,
Когда мои руки поднимаются к Тебе,О Господь Бог Израиля,,,Когда мои руки (О Господь Бог Израиля) (https://dl.airtable.com/evK73cm9Qxu0cyJAoKSt_%D0%9A%D0%BE%D0%B3%D0%B4%D0%B0%20%D0%BC%D0%BE%D0%B8%20%D1%80%D1%83%D0%BA%D0%B8%20(%D0%9E%20%D0%93%D0%BE%D1%81%D0%BF%D0%BE%D0%B4%D1%8C%20%D0%91%D0%BE%D0%B3%20%D0%98%D0%B7%D1%80%D0%B0%D0%B8%D0%BB%D1%8F)),,Gm,4/4,,140,,,19.8.2018,
Что сказать Боже,,,,Что сказать Боже (https://dl.airtable.com/xnIgQGCGS8qxSkV9RBLl_%D0%A7%D1%82%D0%BE%20%D1%81%D0%BA%D0%B0%D0%B7%D0%B0%D1%82%D1%8C%20%D0%91%D0%BE%D0%B6%D0%B5),,A,4/4,Быстрый,108,,,19.8.2018,
Слава слава слава Господу,Кто этот славный Царь ,ахвегс,,Слава слава слава Господу (https://dl.airtable.com/xl9COo5uTne1Je2bZ9kb_%D0%A1%D0%BB%D0%B0%D0%B2%D0%B0%20%D1%81%D0%BB%D0%B0%D0%B2%D0%B0%20%D1%81%D0%BB%D0%B0%D0%B2%D0%B0%20%D0%93%D0%BE%D1%81%D0%BF%D0%BE%D0%B4%D1%83),,C,4/4,Быстрый,152,,,19.8.2018,
Позови я услышу,,Hillsong,,Позови я услышу (https://dl.airtable.com/Ebxw8aN5SkWfcOfHnICB_%D0%9F%D0%BE%D0%B7%D0%BE%D0%B2%D0%B8%20%D1%8F%20%D1%83%D1%81%D0%BB%D1%8B%D1%88%D1%83),,Em,4/4,Умеренный,68,,,12.8.2018,
Я прихожу к Тебе Иисус,,Ятковский,,Я прихожу к Тебе Иисус (https://dl.airtable.com/MzCpDWOTMmSYck4jpUBA_%D0%AF%20%D0%BF%D1%80%D0%B8%D1%85%D0%BE%D0%B6%D1%83%20%D0%BA%20%D0%A2%D0%B5%D0%B1%D0%B5%20%D0%98%D0%B8%D1%81%D1%83%D1%81),,G,4/4,Медленный,66,,,12.8.2018,
Все народы ,,,,Все народы (https://dl.airtable.com/gthpaC7tQSiNBDRd7OPh_%D0%92%D1%81%D0%B5%20%D0%BD%D0%B0%D1%80%D0%BE%D0%B4%D1%8B),,D,4/4,Умеренный,92,"Прославление,Призыв к Поклонению",,29.7.2018,
Ты есть Господь мой Бог ,,,,"Ты есть Господь мой Бог D (https://dl.airtable.com/G4liZOUTwqNEzZhG1e16_%D0%A2%D1%8B%20%D0%B5%D1%81%D1%82%D1%8C%20%D0%93%D0%BE%D1%81%D0%BF%D0%BE%D0%B4%D1%8C%20%D0%BC%D0%BE%D0%B9%20%D0%91%D0%BE%D0%B3%20D),Ты есть Господь мой Бог E (https://dl.airtable.com/krXSuRDRDG8sKQfC1y6s_%D0%A2%D1%8B%20%D0%B5%D1%81%D1%82%D1%8C%20%D0%93%D0%BE%D1%81%D0%BF%D0%BE%D0%B4%D1%8C%20%D0%BC%D0%BE%D0%B9%20%D0%91%D0%BE%D0%B3%20E)",,"D,E",4/4,Умеренный,74,Прославление,,29.7.2018,
Жив Господь и я избавлен,,ахвегс,,Жив Господь (https://dl.airtable.com/6h7R8yiLR6OK2PRm9RBs_%D0%96%D0%B8%D0%B2%20%D0%93%D0%BE%D1%81%D0%BF%D0%BE%D0%B4%D1%8C),,"A,C",2/4,Умеренный,,Вера и Истина,,29.7.2018,
Возношу свои руки к небу,,,,Возношу свои руки к небу (https://dl.airtable.com/tGCB65GATbiLk1DK1ZT0_%D0%92%D0%BE%D0%B7%D0%BD%D0%BE%D1%88%D1%83%20%D1%81%D0%B2%D0%BE%D0%B8%20%D1%80%D1%83%D0%BA%D0%B8%20%D0%BA%20%D0%BD%D0%B5%D0%B1%D1%83),,Em,4/4,Умеренный,86,"Любовь Благодать и Милость,Вера и Истина,Прославление",,22.7.2018,
Мир во Христе имею,,,,Мир во Христе имею (https://dl.airtable.com/GSCtDFXaTpyRaTCcDe5j_%D0%9C%D0%B8%D1%80%20%D0%B2%D0%BE%20%D0%A5%D1%80%D0%B8%D1%81%D1%82%D0%B5%20%D0%B8%D0%BC%D0%B5%D1%8E),,Dm,4/4,Медленный,,,,15.7.2018,
Блуждали все как овцы ,,А. Ледяев,,Блуждали все как овцы мы (https://dl.airtable.com/8SzH8JqQRiP339WcplYK_%D0%91%D0%BB%D1%83%D0%B6%D0%B4%D0%B0%D0%BB%D0%B8%20%D0%B2%D1%81%D0%B5%20%D0%BA%D0%B0%D0%BA%20%D0%BE%D0%B2%D1%86%D1%8B%20%D0%BC%D1%8B),,A,4/4,Умеренный,70,Страдания Жертва Воскресение Искупление,Причастие,15.7.2018,
Славь душа Господа,,Слово Жизни Youth,,Славь душа Господа (https://dl.airtable.com/9zTcjJJgTmypaV6hrx4a_%D0%A1%D0%BB%D0%B0%D0%B2%D1%8C%20%D0%B4%D1%83%D1%88%D0%B0%20%D0%93%D0%BE%D1%81%D0%BF%D0%BE%D0%B4%D0%B0),,F,4/4,Умеренный,80,,,15.7.2018,
Все совершил Он ,,ахвегс,,"Все совершил Он Dm (https://dl.airtable.com/XYh6a1q5TCW6rYvgULve_%D0%92%D1%81%D0%B5%20%D1%81%D0%BE%D0%B2%D0%B5%D1%80%D1%88%D0%B8%D0%BB%20%D0%9E%D0%BD%20Dm),Все совершил Он Em (https://dl.airtable.com/2iAfHwk8S4miMTKr9dGV_%D0%92%D1%81%D0%B5%20%D1%81%D0%BE%D0%B2%D0%B5%D1%80%D1%88%D0%B8%D0%BB%20%D0%9E%D0%BD%20Em)",,"Dm,Em",4/4,Умеренный,116,Прославление,,8.7.2018,
Я войду в Его врата с благодарностью,,ахвегс,,,,,4/4,Быстрый,,,,24.6.2018,
Надо всей землей,,,,Надо всей землей правишь Ты наш Царь (https://dl.airtable.com/8BH7euXvQFWIw4UGcO2k_%D0%9D%D0%B0%D0%B4%D0%BE%20%D0%B2%D1%81%D0%B5%D0%B9%20%D0%B7%D0%B5%D0%BC%D0%BB%D0%B5%D0%B9%20%D0%BF%D1%80%D0%B0%D0%B2%D0%B8%D1%88%D1%8C%20%D0%A2%D1%8B%20%D0%BD%D0%B0%D1%88%20%D0%A6%D0%B0%D1%80%D1%8C),,,2/4,Быстрый,,,,24.6.2018,
Радость от Тебя ,,ахвегс,,Радость от Тебя (https://dl.airtable.com/qIOcjrtwTiSWYCFHmV7n_%D0%A0%D0%B0%D0%B4%D0%BE%D1%81%D1%82%D1%8C%20%D0%BE%D1%82%20%D0%A2%D0%B5%D0%B1%D1%8F),,A,4/4,Умеренный,70,,,17.6.2018,
Эта песня хвалы словно птица,Океан Божьей любви,,,"Океан Божьей любви (https://dl.airtable.com/3rl3CaDQwC1JhAT7FdeA_%D0%9E%D0%BA%D0%B5%D0%B0%D0%BD%20%D0%91%D0%BE%D0%B6%D1%8C%D0%B5%D0%B9%20%D0%BB%D1%8E%D0%B1%D0%B2%D0%B8),Эта песня хвалы Em (https://dl.airtable.com/CNewjfx8SxCkQHiBeoXl_%D0%AD%D1%82%D0%B0%20%D0%BF%D0%B5%D1%81%D0%BD%D1%8F%20%D1%85%D0%B2%D0%B0%D0%BB%D1%8B%20Em),Эта песня хвалы Fm (https://dl.airtable.com/7tEKf4fXTb6CRHXZy9xA_%D0%AD%D1%82%D0%B0%20%D0%BF%D0%B5%D1%81%D0%BD%D1%8F%20%D1%85%D0%B2%D0%B0%D0%BB%D1%8B%20Fm)",,"Em,Fm",6/8,Медленный,60,Любовь Благодать и Милость,,10.6.2018,
В страну молчания вселилась,,Кузнецов В.П. Баязова С.Р.,,В страну молчания вселилась (https://dl.airtable.com/51En7KgmQZmrH5IB5vur_%D0%92%20%D1%81%D1%82%D1%80%D0%B0%D0%BD%D1%83%20%D0%BC%D0%BE%D0%BB%D1%87%D0%B0%D0%BD%D0%B8%D1%8F%20%D0%B2%D1%81%D0%B5%D0%BB%D0%B8%D0%BB%D0%B0%D1%81%D1%8C),,E,4/4,Умеренный,96,"Страдания Жертва Воскресение Искупление,Любовь Благодать и Милость",,10.6.2018,
Любовь Твоя,,,,"""Любовь Твоя о Господь, бесконечна (https://dl.airtable.com/am0pmxGaSagSZOsJ3qSC_%D0%9B%D1%8E%D0%B1%D0%BE%D0%B2%D1%8C%20%D0%A2%D0%B2%D0%BE%D1%8F%20%D0%BE%20%D0%93%D0%BE%D1%81%D0%BF%D0%BE%D0%B4%D1%8C%2C%20%D0%B1%D0%B5%D1%81%D0%BA%D0%BE%D0%BD%D0%B5%D1%87%D0%BD%D0%B0)""",,D,4/4,Медленный,66,Любовь Благодать и Милость,,10.6.2018,
Чем могу воздать,Тебе моя слава,,,Чем могу воздать (https://dl.airtable.com/i7kTXyDSSJO4JYdkYjwa_%D0%A7%D0%B5%D0%BC%20%D0%BC%D0%BE%D0%B3%D1%83%20%D0%B2%D0%BE%D0%B7%D0%B4%D0%B0%D1%82%D1%8C),,B,4/4,Медленный,66,,,8.4.2018,
Аллилуйя слава Святой святых,"Он был, Он есть…",ахвегс,,Аллилуйя слава (https://dl.airtable.com/6uO12tESyeTigD936uUE_%D0%90%D0%BB%D0%BB%D0%B8%D0%BB%D1%83%D0%B9%D1%8F%20%D1%81%D0%BB%D0%B0%D0%B2%D0%B0),Аллилуйя слава Святой святых (Key - D).pdf (https://dl.airtable.com/ZWWtoB4jSPOTphel5ltc_%D0%90%D0%BB%D0%BB%D0%B8%D0%BB%D1%83%D0%B9%D1%8F%20%D1%81%D0%BB%D0%B0%D0%B2%D0%B0%20%D0%A1%D0%B2%D1%8F%D1%82%D0%BE%D0%B9%20%D1%81%D0%B2%D1%8F%D1%82%D1%8B%D1%85%20(Key%20-%20D).pdf),D,4/4,Быстрый,140,Прославление,,8.4.2018,
Давайте славить Христа,,,,Давайте славить Христа (https://dl.airtable.com/DoTAAYLSSaCFjMoQkRh1_%D0%94%D0%B0%D0%B2%D0%B0%D0%B9%D1%82%D0%B5%20%D1%81%D0%BB%D0%B0%D0%B2%D0%B8%D1%82%D1%8C%20%D0%A5%D1%80%D0%B8%D1%81%D1%82%D0%B0),,G,4/4,Медленный,66,Призыв к Поклонению,,8.4.2018,
Весна все обновила вновь,Христос воскрес,,,Весна всё обновила вновь (Христос воскрес) (https://dl.airtable.com/9ukVWMADRRiA0xm5xpzy_%D0%92%D0%B5%D1%81%D0%BD%D0%B0%20%D0%B2%D1%81%D1%91%20%D0%BE%D0%B1%D0%BD%D0%BE%D0%B2%D0%B8%D0%BB%D0%B0%20%D0%B2%D0%BD%D0%BE%D0%B2%D1%8C%20(%D0%A5%D1%80%D0%B8%D1%81%D1%82%D0%BE%D1%81%20%D0%B2%D0%BE%D1%81%D0%BA%D1%80%D0%B5%D1%81)),,G,4/4,Умеренный,84,Прославление,Пасха,8.4.2018,
Иисус Твою победу празднуем,,ахвегс,,Иисус  Твою победу празднуем (https://dl.airtable.com/QL254p8qTRSiim9Z0eJF_%D0%98%D0%B8%D1%81%D1%83%D1%81%20%20%D0%A2%D0%B2%D0%BE%D1%8E%20%D0%BF%D0%BE%D0%B1%D0%B5%D0%B4%D1%83%20%D0%BF%D1%80%D0%B0%D0%B7%D0%B4%D0%BD%D1%83%D0%B5%D0%BC),,"F,G",4/4,Быстрый,,Прославление,,25.2.2018,
Восхвалю Тебя Господь ,,ахвегс,,Восхвалю (https://dl.airtable.com/Lnc5mGASwySdSBpxGguI_%D0%92%D0%BE%D1%81%D1%85%D0%B2%D0%B0%D0%BB%D1%8E),Восхвалю Тебя Господь (Key - C).pdf (https://dl.airtable.com/EghhiFjbTaS3jlmHbr0V_%D0%92%D0%BE%D1%81%D1%85%D0%B2%D0%B0%D0%BB%D1%8E%20%D0%A2%D0%B5%D0%B1%D1%8F%20%D0%93%D0%BE%D1%81%D0%BF%D0%BE%D0%B4%D1%8C%20(Key%20-%20C).pdf),"C,B,A",4/4,Умеренный,70,Прославление,,18.2.2018,
Я хочу исполнить волю Твою,,Новое Поколение,,Я хочу исполнить волю Твою (https://dl.airtable.com/GimPJbDSHmBgAldfi46A_%D0%AF%20%D1%85%D0%BE%D1%87%D1%83%20%D0%B8%D1%81%D0%BF%D0%BE%D0%BB%D0%BD%D0%B8%D1%82%D1%8C%20%D0%B2%D0%BE%D0%BB%D1%8E%20%D0%A2%D0%B2%D0%BE%D1%8E),,Cm,2/4,Медленный,,"Любовь Благодать и Милость,Страдания Жертва Воскресение Искупление",Причастие,31.1.2018,
Да славит Тебя ,,,,Да славит Тебя душа моя (https://dl.airtable.com/3qwY24ZFSTiHD4PvuWmP_%D0%94%D0%B0%20%D1%81%D0%BB%D0%B0%D0%B2%D0%B8%D1%82%20%D0%A2%D0%B5%D0%B1%D1%8F%20%D0%B4%D1%83%D1%88%D0%B0%20%D0%BC%D0%BE%D1%8F),,F,,Умеренный,,Прославление,,28.1.2018,Пс.29:13
Твоя слава пусть сойдет,Отец творенья,ахвегс,,Твоя слава пусть сойдёт (https://dl.airtable.com/a9wAxbLLQTSDrLD0qsAg_%D0%A2%D0%B2%D0%BE%D1%8F%20%D1%81%D0%BB%D0%B0%D0%B2%D0%B0%20%D0%BF%D1%83%D1%81%D1%82%D1%8C%20%D1%81%D0%BE%D0%B9%D0%B4%D1%91%D1%82),,F,4/4,Медленный,70,,,28.1.2018,
Иисус Иисус Помазаник святой ?,,,,,,G,4/4,Умеренный,70,,,10.1.2018,
Буду петь и плясать,,,,,,C,2/4,,,,,,
С вышней хвалой,,,,,,,4/4,Быстрый,,,,,
Серцем моим,,,,,,,,,,,,,
Милостивый Боже ,,,,,,Dm,4/4,Умеренный,,,,,
О Иисус Иисус,,,,,,,,,,,,,
Поклонись Божью величию,,,,,,,4/4,Умеренный,,,,,
Иду к Тебе Господь ,,ахвегс,,Иду к Тебе Господь (https://dl.airtable.com/ELP1cWI5THGmNluvaGGr_%D0%98%D0%B4%D1%83%20%D0%BA%20%D0%A2%D0%B5%D0%B1%D0%B5%20%D0%93%D0%BE%D1%81%D0%BF%D0%BE%D0%B4%D1%8C),,G,4/4,Медленный,68,,,,
Отца мы любим ,,ахвегс,,,,C,,,,,,,
Да восстанет Бог ,,,,,,F,2/4,,,,,,
Много в жизни дорог ,,,,,,F,4/4,Умеренный,,,,,
Идите в Святое Святых ,,ахвегс,,Идите в Святое святых (https://dl.airtable.com/t9YnvUET02KBSgzXHL2z_%D0%98%D0%B4%D0%B8%D1%82%D0%B5%20%D0%B2%20%D0%A1%D0%B2%D1%8F%D1%82%D0%BE%D0%B5%20%D1%81%D0%B2%D1%8F%D1%82%D1%8B%D1%85),,"A,G",4/4,Умеренный,74,,,,
Ищу сердца Твоего (Дэнс),,,,,,Em,4/4,Быстрый,,,,,
Моя рука благословлена ,,ахвегс,,,,F,4/4,Быстрый,150,,,,
Живущий под покровом ,,ахвегс,,,,,2/4,Умеренный,76,,,,
Тебя Господь люблю я славить,,,,,,,,,,,,,
Ты мой благой Бог,,,,,,,,,,,,,
Тебе пою всем сердцем я,,,,Тебе пою всем сердцем я (https://dl.airtable.com/QhpNJ1cpQsSwIMwoXlnH_%D0%A2%D0%B5%D0%B1%D0%B5%20%D0%BF%D0%BE%D1%8E%20%D0%B2%D1%81%D0%B5%D0%BC%20%D1%81%D0%B5%D1%80%D0%B4%D1%86%D0%B5%D0%BC%20%D1%8F),,F,4/4,Умеренный,,,,,
Божий Сын Иисус,,,,Божий Сын Иисус (https://dl.airtable.com/0aKwRkUdTzOjolb1jTBh_%D0%91%D0%BE%D0%B6%D0%B8%D0%B9%20%D0%A1%D1%8B%D0%BD%20%D0%98%D0%B8%D1%81%D1%83%D1%81),,D,4/4,Умеренный,90,"Прославление,Утверждение и Посвящение",Причастие,,
Новое время новый елей ,,,,,,F,4/4,Быстрый,,,,,
Он Господь Он Господь,,,,,,G,,,,,,,
Пой Иисусу новую песню ,,ахвегс,,,,,4/4,Быстрый,130,,,,
Я благославлю ,,ахвегс,,Я благословлю (https://dl.airtable.com/DBraXfrNQSKLtT9wCuhp_%D0%AF%20%D0%B1%D0%BB%D0%B0%D0%B3%D0%BE%D1%81%D0%BB%D0%BE%D0%B2%D0%BB%D1%8E),,Dm,2/4,,,,,,
Мы славим поем хвалу ,,ахвегс,,Мы славим поём хвалу (https://dl.airtable.com/vP9mIL5YTompv0TnzYZM_%D0%9C%D1%8B%20%D1%81%D0%BB%D0%B0%D0%B2%D0%B8%D0%BC%20%D0%BF%D0%BE%D1%91%D0%BC%20%D1%85%D0%B2%D0%B0%D0%BB%D1%83),,"C,D",4/4,Умеренный,,,,,
Через внешние дворы ,,ахвегс,,Через внешние дворы (https://dl.airtable.com/vVcFX5F7TTOqffXR68zX_%D0%A7%D0%B5%D1%80%D0%B5%D0%B7%20%D0%B2%D0%BD%D0%B5%D1%88%D0%BD%D0%B8%D0%B5%20%D0%B4%D0%B2%D0%BE%D1%80%D1%8B),,Dm,4/4,Медленный,,,,,
Как прекрасен этот день,С Рождеством Тебя,Imprintband,,Как прекрасен этот день (https://dl.airtable.com/8mKhlRorSdaafxFVtK1h_%D0%9A%D0%B0%D0%BA%20%D0%BF%D1%80%D0%B5%D0%BA%D1%80%D0%B0%D1%81%D0%B5%D0%BD%20%D1%8D%D1%82%D0%BE%D1%82%20%D0%B4%D0%B5%D0%BD%D1%8C),,E,4/4,Умеренный,,Утверждение и Посвящение,Рождество,,
Когда любовь приходит с неба  ,Можно в меру быть...,Дарина Кочанжи,,Когда любовь приходит с неба (https://dl.airtable.com/NcHfWAcKSg6ufjR1ZPSb_%D0%9A%D0%BE%D0%B3%D0%B4%D0%B0%20%D0%BB%D1%8E%D0%B1%D0%BE%D0%B2%D1%8C%20%D0%BF%D1%80%D0%B8%D1%85%D0%BE%D0%B4%D0%B8%D1%82%20%D1%81%20%D0%BD%D0%B5%D0%B1%D0%B0),,Am,2/4,Медленный,,Любовь Благодать и Милость,,,
Да он есть Альфа и Омега,,ахвегс,,,,G,4/4,,,,,,
Мессия ,,ахвегс,,,,G,4/4,Быстрый,,,,,
Иисус зажги мое сердце,,,,,,,,,,,,,
Если мой народ   ,,А. Ледяев,,Если Мой народ (https://dl.airtable.com/IQ7sKEfdT5eX4oKZJ1R2_%D0%95%D1%81%D0%BB%D0%B8%20%D0%9C%D0%BE%D0%B9%20%D0%BD%D0%B0%D1%80%D0%BE%D0%B4),,,,Умеренный,,Любовь Благодать и Милость,,,
Ты пастырь мой,,,,,,,,,,,,,
Через моря и горы ,,ахвегс,,Через моря и горы (https://dl.airtable.com/7sL8lYFoRZyHjf7UTkKT_%D0%A7%D0%B5%D1%80%D0%B5%D0%B7%20%D0%BC%D0%BE%D1%80%D1%8F%20%D0%B8%20%D0%B3%D0%BE%D1%80%D1%8B),,D,4/4,Умеренный,,,,,
Я взойду я взойду на Твою святую гору,,,,Я взойду (https://dl.airtable.com/sCaQnqJxSYWgDtemImlm_%D0%AF%20%D0%B2%D0%B7%D0%BE%D0%B9%D0%B4%D1%83),,"Dm,Em",2/4,Умеренный,,Прославление,Десятина,,
Святый Святый Ты достоин,,Рон Кенолли,,Святый Святый Ты достоин (https://dl.airtable.com/7PUkzvkcT1WFZ57df1tv_%D0%A1%D0%B2%D1%8F%D1%82%D1%8B%D0%B9%20%D0%A1%D0%B2%D1%8F%D1%82%D1%8B%D0%B9%20%D0%A2%D1%8B%20%D0%B4%D0%BE%D1%81%D1%82%D0%BE%D0%B8%D0%BD),,Am,4/4,Умеренный,,"Прославление,Утверждение и Посвящение",,,
Святый святый святый Бог ,Осанна Богу неба,ахвегс,,Святый святый святый Бог (https://dl.airtable.com/R0ZEHqdsRyiU2PX5bg1U_%D0%A1%D0%B2%D1%8F%D1%82%D1%8B%D0%B9%20%D1%81%D0%B2%D1%8F%D1%82%D1%8B%D0%B9%20%D1%81%D0%B2%D1%8F%D1%82%D1%8B%D0%B9%20%D0%91%D0%BE%D0%B3),,C,4/4,Умеренный,,,,,
Иисус сейчас здесь ,,дело веры,,,,C,4/4,Умеренный,,,,,
Пусть река течет,,,,,,,4/4,Умеренный,116,,,,
Бог Ты скала ,,,,,,Bm,4/4,Умеренный,,Вера и Истина,,,
Иисус имя всех выше ,,ахвегс,,Иисус имя всех выше (https://dl.airtable.com/VNz92VzuSEiRVuItygXU_%D0%98%D0%B8%D1%81%D1%83%D1%81%20%D0%B8%D0%BC%D1%8F%20%D0%B2%D1%81%D0%B5%D1%85%20%D0%B2%D1%8B%D1%88%D0%B5),,"C,D,F",12/8,Умеренный,60,,,,
Бог мира вскоре сокрушит сатану под ноги твои,,,,,,"D,E",4/4,Быстрый,136,,,,
Хвала Царь Иисус,,,,Хвала Царь Иисус (https://dl.airtable.com/9DoECKO8R3m8l3EmpUHl_%D0%A5%D0%B2%D0%B0%D0%BB%D0%B0%20%D0%A6%D0%B0%D1%80%D1%8C%20%D0%98%D0%B8%D1%81%D1%83%D1%81),,E,4/4,,,,,,
В лугах зеленых ,,,,,,Dm,2/4,,,,,,
Блаженны будут стопы благовестников,Правит Бог,ахвегс,,Блаженны будут стопы (https://dl.airtable.com/QNjXa30zTRKLr3eK51HA_%D0%91%D0%BB%D0%B0%D0%B6%D0%B5%D0%BD%D0%BD%D1%8B%20%D0%B1%D1%83%D0%B4%D1%83%D1%82%20%D1%81%D1%82%D0%BE%D0%BF%D1%8B),,"D,G,A",4/4,Умеренный,80,Благовествование,,,
О Иерусалим,,,,,,,,,,,,,
О я люблю Тебя ,,,,,,"C,D",2/4,Умеренный,,,,,
"На кресте, на кресте я увидел тот свет",,,,,,D,4/4,Умеренный,,,,,
За Тобою смело будем идти,,,,,,G,2/4,,,,,,
Иисус  Пастырь мой,,Кузнецов В.П. Баязова С.Р.,,Иисус Пастырь мой (https://dl.airtable.com/R4eIJbVCSXZTmTijLnMg_%D0%98%D0%B8%D1%81%D1%83%D1%81%20%D0%9F%D0%B0%D1%81%D1%82%D1%8B%D1%80%D1%8C%20%D0%BC%D0%BE%D0%B9),,E,,Быстрый,,,Десятина,,
Твоя кровь что омыла нас,Иисус кровь Твоя нас убелила,,,,,,4/4,Умеренный,,,,,
Отче Ты смыслом жизни стал моей ,,,,,,G,,,,,,,
Все шипы обратятся в звезды,,Дарина Кочанжи,,,,,,,,,,,
Он лишь один над всей вселенной,,А. Ледяев,,,,D,2/4,Умеренный,94,,,,
Благословен ,,,,,,C,2/4,Умеренный,66,Прославление,,,
Святый Господь,,,,,,,,,,,,,
Правит Бог,,,,,,,,,,,,,
Стою я склонясь,,,,,,,,,,,,,
Он великий Царь царей,,,,,,,,,,,,,
Слава и хвала ,,,,,,,4/4,,,,,,
Вся слава вся сила ,,,,Вся слава (https://dl.airtable.com/WQLjLevAR26NkGU7qWIS_%D0%92%D1%81%D1%8F%20%D1%81%D0%BB%D0%B0%D0%B2%D0%B0),,Dm,4/4,Умеренный,,,,,
Мы взойдем ,,ахвегс,,,,,,,,,,,
Его имя выше всех ,,ахвегс,,Его имя выше всех (https://dl.airtable.com/INr8lu3XRBSVydPB68B8_%D0%95%D0%B3%D0%BE%20%D0%B8%D0%BC%D1%8F%20%D0%B2%D1%8B%D1%88%D0%B5%20%D0%B2%D1%81%D0%B5%D1%85),,D,4/4,Умеренный,,Утверждение и Посвящение,,,
Все награды и венцы,,,,Все награды и венцы свои отдам (https://dl.airtable.com/iXGRQUwMQXiSMgrM94zA_%D0%92%D1%81%D0%B5%20%D0%BD%D0%B0%D0%B3%D1%80%D0%B0%D0%B4%D1%8B%20%D0%B8%20%D0%B2%D0%B5%D0%BD%D1%86%D1%8B%20%D1%81%D0%B2%D0%BE%D0%B8%20%D0%BE%D1%82%D0%B4%D0%B0%D0%BC),,G,4/4,Умеренный,68,Утверждение и Посвящение,,,
Пришел за золотом я ,в любви не дай остыть,,,,,Em,4/4,Быстрый,,Молитва и Обновление,,,
Каждый миг и каждый час,,,,Каждый миг (https://dl.airtable.com/tAEi2JETsebbwn11uBJQ_%D0%9A%D0%B0%D0%B6%D0%B4%D1%8B%D0%B9%20%D0%BC%D0%B8%D0%B3),,F,4/4,Быстрый,,Любовь Благодать и Милость,Десятина,,
Достоин Агнец ,,,,,,A,4/4,,,,,,
В слово чье ,,ахвегс,,В слово чьё (https://dl.airtable.com/Fy91ztYRSjaHHnPjMF1P_%D0%92%20%D1%81%D0%BB%D0%BE%D0%B2%D0%BE%20%D1%87%D1%8C%D1%91),,Em,4/4,Быстрый,,Утверждение и Посвящение,,,
Благодарю Тебя Иисус,За Голгофу за кровь,,,Благодарю Тебя Иисус (https://dl.airtable.com/Uy0AVcUWQgaFAUzvOhcb_%D0%91%D0%BB%D0%B0%D0%B3%D0%BE%D0%B4%D0%B0%D1%80%D1%8E%20%D0%A2%D0%B5%D0%B1%D1%8F%20%D0%98%D0%B8%D1%81%D1%83%D1%81),,D,4/4,Умеренный,66,Страдания Жертва Воскресение Искупление,Причастие,,
Я хочу быть таким как Ты Иисус,Мой сосуд в Твоих руках,ахвегс,,,,D,2/4,Умеренный,,,,,
Он любит всей душой,,,,,,,,,,,,,
Как я люблю быть с Тобой ,,,,,,D,,,,,,,
Явись сияй Твой прекрасен свет,,ахвегс,,,,D,2/4,Умеренный,,,,,
Помазанье сойди на меня ,,ахвегс,,,,,4/4,Умеренный,70,,,,
Течет радость,,,,,,,,,,,,,
Мы поем Тебе хвалу ,,ахвегс,,Мы поем тебе хвалу (https://dl.airtable.com/OhHdIrdSuCnAtafMV4Xl_%D0%9C%D1%8B%20%D0%BF%D0%BE%D0%B5%D0%BC%20%D1%82%D0%B5%D0%B1%D0%B5%20%D1%85%D0%B2%D0%B0%D0%BB%D1%83),,"A,F,G",4/4,Умеренный,,,,,
Как обещал ты пришел,,ахвегс,,,,C,6/8,,,,,,
Народ новый восстает,,ахвегс,,,,Em,4/4,Быстрый,,,,,
Я надеваю одежды хвалы,,ахвегс,,,,F,2/4,Быстрый,,,,,
Окружи меня Дух Святой,,,,Оковы пали (https://dl.airtable.com/ufiJjWpuTluCx1apIcrt_%D0%9E%D0%BA%D0%BE%D0%B2%D1%8B%20%D0%BF%D0%B0%D0%BB%D0%B8),,Cm,2/4,Медленный,60,Любовь Благодать и Милость,,,
Просто я благодарю ,Благодарю тебя Иисус,ахвегс,,,,,4/4,Умеренный,,,,,
Песня Давида (Буду петь и плясать) ,,ахвегс,,,,,2/4,Быстрый,,,,,
Ты наш Святой Господь ,,,,"Ты наш святой Господь (https://dl.airtable.com/VN6kbdUFS6a8e9RoKjyg_%D0%A2%D1%8B%20%D0%BD%D0%B0%D1%88%20%D1%81%D0%B2%D1%8F%D1%82%D0%BE%D0%B9%20%D0%93%D0%BE%D1%81%D0%BF%D0%BE%D0%B4%D1%8C),Ты наш святой Господь D (https://dl.airtable.com/i3BdDcXuS4u4tlQsrzic_%D0%A2%D1%8B%20%D0%BD%D0%B0%D1%88%20%D1%81%D0%B2%D1%8F%D1%82%D0%BE%D0%B9%20%D0%93%D0%BE%D1%81%D0%BF%D0%BE%D0%B4%D1%8C%20D)",,C,4/4,Умеренный,,"Утверждение и Посвящение,Любовь Благодать и Милость",,,
Ты наш Бог сотворил все небо и всю землю всемогущей силой,,ахвегс,,Ты наш Бог (https://dl.airtable.com/PLRQc4krROmwCC9RflkK_%D0%A2%D1%8B%20%D0%BD%D0%B0%D1%88%20%D0%91%D0%BE%D0%B3),,C,4/4,Умеренный,,Качества Бога,,,
Над землей лишь один Господь ,,А. Ледяев,,,,,2/4,,,,,,
Жажду прихожу,,,,,,,,,,,,,
Бог моя скала,,ахвегс,,Бог моя скала (https://dl.airtable.com/XwcKskQStm8x7Ti99RGA_%D0%91%D0%BE%D0%B3%20%D0%BC%D0%BE%D1%8F%20%D1%81%D0%BA%D0%B0%D0%BB%D0%B0),,D,4/4,Быстрый,,Утверждение и Посвящение,,,
Ты есть мой Бог,,,,,,,,,,,,,
Бог Тебя люблю я ,,ахвегс,,,,,,,,,,,
Свят Господь,,,,,,,,,,,,,
Да Он есть Альфа и Омега ,,дж.Э,,,,,,,,,,,
Сильных низвергнем,,,,,,,2/4,Быстрый,,,,,
Крест Голгофский ,,Краеугольный камень,,Крест Голгофский (https://dl.airtable.com/Cr3XNjxQUWDWHXXQJS0f_%D0%9A%D1%80%D0%B5%D1%81%D1%82%20%D0%93%D0%BE%D0%BB%D0%B3%D0%BE%D1%84%D1%81%D0%BA%D0%B8%D0%B9),,Dm,4/4,Умеренный,,Страдания Жертва Воскресение Искупление,Пасха,,
Кровь Христа Иисуса ,,ахвегс,,,,C,,,,,,,
Милость нисходит ,,ахвегс,,,,"D,E",4/4,Быстрый,,,,,
Наш Бог Он прекрасный Бог ,,ахвегс,,Наш Бог Он прекрасный (https://dl.airtable.com/QBkYPViqSHSJXRx37LEw_%D0%9D%D0%B0%D1%88%20%D0%91%D0%BE%D0%B3%20%D0%9E%D0%BD%20%D0%BF%D1%80%D0%B5%D0%BA%D1%80%D0%B0%D1%81%D0%BD%D1%8B%D0%B9),,Em,2/4,Умеренный,,,,,
Иисус Господь Иисус есть Царь,Скоро город изменится,ахвегс,,Иисус - Господь (https://dl.airtable.com/bkO4rWq7RpykCdNnU3uC_%D0%98%D0%B8%D1%81%D1%83%D1%81%20-%20%D0%93%D0%BE%D1%81%D0%BF%D0%BE%D0%B4%D1%8C),,Em,4/4,Умеренный,,,,,
Как олень ,,ахвегс,,,,D,4/4,,,,,,
Во Христе одна семья,,,,,,,4/4,,,,,,
О Святой Господь ,Миру нашим сердцем уже не владеть никогда,,,,,C,4/4,Быстрый,,,,,
Устами споем,Мы божий народ названный Им,,,,,,6/8,Умеренный,,,,,
Люблю я больше всех,,,,,,D,,,,,,,
Свято Твое имя,,,,,,,4/4,Умеренный,,,,,
Решил идти я за Иисусом ,,ахвегс,,Решил идти я за Иисусом (https://dl.airtable.com/PSWFZm2QTTGj2kH9XtWO_%D0%A0%D0%B5%D1%88%D0%B8%D0%BB%20%D0%B8%D0%B4%D1%82%D0%B8%20%D1%8F%20%D0%B7%D0%B0%20%D0%98%D0%B8%D1%81%D1%83%D1%81%D0%BE%D0%BC),,C,4/4,,,,,,
Сад внутри меня,,,,,,,4/4,Быстрый,,,,,
О благодать,,,,,,,3/4,Умеренный,,,,,
Божья армия,Эммануил ,ахвегс,,Божья армия (https://dl.airtable.com/mF8l4iMSCai4Dp3qZBlg_%D0%91%D0%BE%D0%B6%D1%8C%D1%8F%20%D0%B0%D1%80%D0%BC%D0%B8%D1%8F),,Gm,2/4,Быстрый,,Утверждение и Посвящение,,,
С рождеством тебя,,Imprintband,,,,,4/4,Умеренный,,,,,
Царь царей,Господь Господ слава алллилуйя,,,,,,4/4,,,,,,
Создатель всей Вселенной  ,,,,Создатель всей вселенной (https://dl.airtable.com/yyJmITc3T06ViMeq257j_%D0%A1%D0%BE%D0%B7%D0%B4%D0%B0%D1%82%D0%B5%D0%BB%D1%8C%20%D0%B2%D1%81%D0%B5%D0%B9%20%D0%B2%D1%81%D0%B5%D0%BB%D0%B5%D0%BD%D0%BD%D0%BE%D0%B9),,Gm,2/4,Умеренный,74,Молитва и Обновление,,,
Святый святый Ты Господь ,,,,Святый Святый Ты Господь (https://dl.airtable.com/ST73GSrrS8qjpgERb8gq_%D0%A1%D0%B2%D1%8F%D1%82%D1%8B%D0%B9%20%D0%A1%D0%B2%D1%8F%D1%82%D1%8B%D0%B9%20%D0%A2%D1%8B%20%D0%93%D0%BE%D1%81%D0%BF%D0%BE%D0%B4%D1%8C),,A,,Умеренный,,Прославление,,,
Я теперь рядом с Тобой ,,,,Я теперь рядом (https://dl.airtable.com/CSEdiTmT1CmaFR4qCHtB_%D0%AF%20%D1%82%D0%B5%D0%BF%D0%B5%D1%80%D1%8C%20%D1%80%D1%8F%D0%B4%D0%BE%D0%BC),,Dm,4/4,Быстрый,,Страдания Жертва Воскресение Искупление,,,
Блажен народ  у которого,,Новое Поколение,,Блажен народ (https://dl.airtable.com/sOyhAh97RSVo1njmQacw_%D0%91%D0%BB%D0%B0%D0%B6%D0%B5%D0%BD%20%D0%BD%D0%B0%D1%80%D0%BE%D0%B4),,Dm,2/4,Умеренный,76,Утверждение и Посвящение,Десятина,,
Приблизь меня к Себе,,,,Приблизь  меня к Себе (https://dl.airtable.com/twXGUhqTAWEcdQwRI8lM_%D0%9F%D1%80%D0%B8%D0%B1%D0%BB%D0%B8%D0%B7%D1%8C%20%20%D0%BC%D0%B5%D0%BD%D1%8F%20%D0%BA%20%D0%A1%D0%B5%D0%B1%D0%B5),,A,,,,,,,
Мир увидит Божье Царство ,Пой аллилуйя,ахвегс,,"Мир увидит Божье Царство Dm (https://dl.airtable.com/B6v9d3TSqm07od0G6GZs_%D0%9C%D0%B8%D1%80%20%D1%83%D0%B2%D0%B8%D0%B4%D0%B8%D1%82%20%D0%91%D0%BE%D0%B6%D1%8C%D0%B5%20%D0%A6%D0%B0%D1%80%D1%81%D1%82%D0%B2%D0%BE%20Dm),Мир увидит Божье Царство Em (https://dl.airtable.com/ZvvZgQPkQOye46y79hek_%D0%9C%D0%B8%D1%80%20%D1%83%D0%B2%D0%B8%D0%B4%D0%B8%D1%82%20%D0%91%D0%BE%D0%B6%D1%8C%D0%B5%20%D0%A6%D0%B0%D1%80%D1%81%D1%82%D0%B2%D0%BE%20Em)",,"Dm,Em",4/4,Медленный,66,Любовь Благодать и Милость,,,
Возрадуемся ,,,,Возрадуемся возрадуемся (https://dl.airtable.com/Zhumw1QWSBqX6glK1Tkn_%D0%92%D0%BE%D0%B7%D1%80%D0%B0%D0%B4%D1%83%D0%B5%D0%BC%D1%81%D1%8F%20%D0%B2%D0%BE%D0%B7%D1%80%D0%B0%D0%B4%D1%83%D0%B5%D0%BC%D1%81%D1%8F),,"F,B",4/4,Быстрый,,Церковь и Единство,,,
В веянии тихого ветра,,,,В веянии тихого ветра (https://dl.airtable.com/4j01NdTyS8WqhYN0Bdmr_%D0%92%20%D0%B2%D0%B5%D1%8F%D0%BD%D0%B8%D0%B8%20%D1%82%D0%B8%D1%85%D0%BE%D0%B3%D0%BE%20%D0%B2%D0%B5%D1%82%D1%80%D0%B0),,Dm,2/4,Умеренный,,Утверждение и Посвящение,,,
Поклонюсь я сердцем моим ,,,,,,F,2/4,Умеренный,70,,,,
Под праздник Пасхи,,,,,,,,Умеренный,66,,,,
Давайте славить Бога,,,,,,,,,,,,,
В танце Бога славим ,,,,,,C,4/4,Быстрый,,Церковь и Единство,,,
Дух Святой призываем мы,,ахвегс,,Дух Святой (https://dl.airtable.com/LgcTJFWcSBu1NooIAgol_%D0%94%D1%83%D1%85%20%D0%A1%D0%B2%D1%8F%D1%82%D0%BE%D0%B9),,G,4/4,Быстрый,,Утверждение и Посвящение,,,
Он свят воззови и Он ответит,,,,,,D,4/4,Умеренный,70,,,,
Из-за крови Христа ,,,,,,,,,,Утверждение и Посвящение,Причастие,,
Отче обьедини,,,,,,,,,,,,,
Господь приглашаем ,,ахвегс,,,,C,4/4,Умеренный,,,,,
Небо окропило землю,,,,,,,,,,,,,
Я буду славить Его,,,,,,,,,,,,,
Слава Богу в вышних,,,,,,,4/4,Быстрый,150,,,,
Если Бог за нас,,,,,,,,,,,,,
Тому чей неба престол ,,ахвегс,,Тому чей небо престол (https://dl.airtable.com/7QNJfJF2StOjrTCwxqJO_%D0%A2%D0%BE%D0%BC%D1%83%20%D1%87%D0%B5%D0%B9%20%D0%BD%D0%B5%D0%B1%D0%BE%20%D0%BF%D1%80%D0%B5%D1%81%D1%82%D0%BE%D0%BB),,C,4/4,Умеренный,,,,,
В Тебе укроюсь я ,,ахвегс,,,,Am,4/4,Медленный,,Утверждение и Посвящение,,,
Мне хорошо в доме Твоем,В Твоем Святом присутствии,В. Короп,,,,,2/4,Умеренный,,,,,
Лучший друг,,,,,,,,,,,,,
Я приду и паду ,,ахвегс,,,,D,4/4,Умеренный,,,,,
Воздайте Богу славу ,,,,,,G,4/4,Быстрый,,,,,
Иисус все для Тебя ,,,,,,D,4/4,Умеренный,80,,,,
Свят Бог Саваоф,,,,,,,4/4,Умеренный,70,,,,
Бог пробуждение шлет ,,,,Бог пробуждение шлёт (https://dl.airtable.com/h5M2631XQLOUoIz2xYEj_%D0%91%D0%BE%D0%B3%20%D0%BF%D1%80%D0%BE%D0%B1%D1%83%D0%B6%D0%B4%D0%B5%D0%BD%D0%B8%D0%B5%20%D1%88%D0%BB%D1%91%D1%82),,G,2/4,Быстрый,,Благовествование,,,
Ты мой Господь,,,,Ты - мой Господь (https://dl.airtable.com/hbnsMEQrTwaKSIz7gPpe_%D0%A2%D1%8B%20-%20%D0%BC%D0%BE%D0%B9%20%D0%93%D0%BE%D1%81%D0%BF%D0%BE%D0%B4%D1%8C),,D,4/4,Умеренный,66,,,,
Наш Бог полная версия   ,,ахвегс,,,,Em,,Быстрый,,,,,
Ангелы поют славу,,МироТворец,,Ангелы поют славу (https://dl.airtable.com/amFnJ4UWR7yXA63VkliB_%D0%90%D0%BD%D0%B3%D0%B5%D0%BB%D1%8B%20%D0%BF%D0%BE%D1%8E%D1%82%20%D1%81%D0%BB%D0%B0%D0%B2%D1%83),Ангелы поют славу (Key - C).pdf (https://dl.airtable.com/F7pfKkiUS6mS2uNw8Ywh_%D0%90%D0%BD%D0%B3%D0%B5%D0%BB%D1%8B%20%D0%BF%D0%BE%D1%8E%D1%82%20%D1%81%D0%BB%D0%B0%D0%B2%D1%83%20(Key%20-%20C).pdf),C,4/4,Умеренный,70,Прославление,Рождество,,
Крик радости,,,,,,,,,,,,,
Войдем ,,ахвегс,,,,E,4/4,,,,,,
Свят,,,,,,,,,,,,,
О Иисус друг лучший мой,,,,,,G,4/4,Умеренный,,,,,
Славим поклоняемся Тебе ,,ахвегс,,Славим поклоняемся Тебе (https://dl.airtable.com/bufhymMvT1OHgdBe8el6_%D0%A1%D0%BB%D0%B0%D0%B2%D0%B8%D0%BC%20%D0%BF%D0%BE%D0%BA%D0%BB%D0%BE%D0%BD%D1%8F%D0%B5%D0%BC%D1%81%D1%8F%20%D0%A2%D0%B5%D0%B1%D0%B5),,C,4/4,,,,,,
Ты наш Бог сотворил все небо  ,Нет ничто не сложно для Тебя,ахвегс,,,,C,4/4,Быстрый,,,,,
Явись во имя Иисуса,,,,,,,2/4,Умеренный,,,,,
Есть внутри меня надежда ,,,,Есть внутри меня надежда (https://dl.airtable.com/hthKIkcESG67w8LeWsa4_%D0%95%D1%81%D1%82%D1%8C%20%D0%B2%D0%BD%D1%83%D1%82%D1%80%D0%B8%20%D0%BC%D0%B5%D0%BD%D1%8F%20%D0%BD%D0%B0%D0%B4%D0%B5%D0%B6%D0%B4%D0%B0),,Dm,,Умеренный,,,,,
Благословен наш Бог дарующий любовь,,ахвегс,,Благословен наш Бог (https://dl.airtable.com/mF3W4PiuR7iDBCr9yLyY_%D0%91%D0%BB%D0%B0%D0%B3%D0%BE%D1%81%D0%BB%D0%BE%D0%B2%D0%B5%D0%BD%20%D0%BD%D0%B0%D1%88%20%D0%91%D0%BE%D0%B3),,D,4/4,Умеренный,70,Любовь Благодать и Милость,,,
Дай мне видеть величиеТвое ,,,,Дай мне видеть величие Твое (https://dl.airtable.com/UvvfgsuFRjiopSQJlpcl_%D0%94%D0%B0%D0%B9%20%D0%BC%D0%BD%D0%B5%20%D0%B2%D0%B8%D0%B4%D0%B5%D1%82%D1%8C%20%D0%B2%D0%B5%D0%BB%D0%B8%D1%87%D0%B8%D0%B5%20%D0%A2%D0%B2%D0%BE%D0%B5),,F,4/4,Умеренный,,Качества Бога,,,
Превозноси Творца хвалой ,,ахвегс,,Превозноси Творца хвалой (https://dl.airtable.com/JIl1B2rQZ6dpqvGDSdfw_%D0%9F%D1%80%D0%B5%D0%B2%D0%BE%D0%B7%D0%BD%D0%BE%D1%81%D0%B8%20%D0%A2%D0%B2%D0%BE%D1%80%D1%86%D0%B0%20%D1%85%D0%B2%D0%B0%D0%BB%D0%BE%D0%B9),,"F,G",4/4,Умеренный,70,,,,
Когда Божий Дух Христа,,,,,,Em,2/4,Быстрый,,,,,
Пой Господу вся земля,,,,Пой Господу вся земля (https://dl.airtable.com/4kBM7WC4QMGLLW2TP0Dq_%D0%9F%D0%BE%D0%B9%20%D0%93%D0%BE%D1%81%D0%BF%D0%BE%D0%B4%D1%83%20%D0%B2%D1%81%D1%8F%20%D0%B7%D0%B5%D0%BC%D0%BB%D1%8F),,D,4/4,Быстрый,130,,,,
Хвала Тебе наш Бог,,,,Хвала Тебе наш Бог (https://dl.airtable.com/NMUF2wxTQJ2JQz7EVbpt_%D0%A5%D0%B2%D0%B0%D0%BB%D0%B0%20%D0%A2%D0%B5%D0%B1%D0%B5%20%D0%BD%D0%B0%D1%88%20%D0%91%D0%BE%D0%B3),,Gm,4/4,,,,,,
Люблю Тебя все больше,,,,,,,,,,,,,
Царствует Господь,,,,,,,,,,,,,
Живой живой,,ахвегс,,Живой (https://dl.airtable.com/Rm0ZvVTRDSAkinP2LU1Q_%D0%96%D0%B8%D0%B2%D0%BE%D0%B9),,C,4/4,Умеренный,,"Призыв к Поклонению,Прославление",,,
Благословенна церковь моя,,Сергей Синицын,,Благословенна церковь моя (https://dl.airtable.com/0OFEBlFSXiZkyFiSMiaY_%D0%91%D0%BB%D0%B0%D0%B3%D0%BE%D1%81%D0%BB%D0%BE%D0%B2%D0%B5%D0%BD%D0%BD%D0%B0%20%D1%86%D0%B5%D1%80%D0%BA%D0%BE%D0%B2%D1%8C%20%D0%BC%D0%BE%D1%8F),,Gm,4/4,Быстрый,124,Церковь и Единство,,,
Благословлю Тебя в земле изобилия,,,,Благословлю Тебя (https://dl.airtable.com/yPccRXpbSfWLWaorlGWg_%D0%91%D0%BB%D0%B0%D0%B3%D0%BE%D1%81%D0%BB%D0%BE%D0%B2%D0%BB%D1%8E%20%D0%A2%D0%B5%D0%B1%D1%8F),,A,,,,Прославление,,,
Блажен тот кто духом ослаб,,JG Youth Worship,,Блажен тот кто духом ослаб (https://dl.airtable.com/7G0LeV1iTi6mE5slPIvp_%D0%91%D0%BB%D0%B0%D0%B6%D0%B5%D0%BD%20%D1%82%D0%BE%D1%82%20%D0%BA%D1%82%D0%BE%20%D0%B4%D1%83%D1%85%D0%BE%D0%BC%20%D0%BE%D1%81%D0%BB%D0%B0%D0%B1),,Dm,,Умеренный,74,Любовь Благодать и Милость,,,
Бог есть Он здесь,,Ятковский,,Бог есть (https://dl.airtable.com/GAjNqAVdQommM36jEdzc_%D0%91%D0%BE%D0%B3%20%D0%B5%D1%81%D1%82%D1%8C),,Gm,4/4,,,Благовествование,,,
Ты Тот кто мне глаза открыл,Верю я в Тебя,Jesus Culture,,Ты тот кто мне глаза открыл (https://dl.airtable.com/kDntRgtFR7m9WJ7JtsJI_%D0%A2%D1%8B%20%D1%82%D0%BE%D1%82%20%D0%BA%D1%82%D0%BE%20%D0%BC%D0%BD%D0%B5%20%D0%B3%D0%BB%D0%B0%D0%B7%D0%B0%20%D0%BE%D1%82%D0%BA%D1%80%D1%8B%D0%BB),,"Hm,F#m",,Умеренный,,Утверждение и Посвящение,Молодёжная,,
В глубины вод меня призвал Ты,Океаны,Hillsong,,В глубины вод (Океаны) (https://dl.airtable.com/USdlrPRRCnRLC4IFg5pQ_%D0%92%20%D0%B3%D0%BB%D1%83%D0%B1%D0%B8%D0%BD%D1%8B%20%D0%B2%D0%BE%D0%B4%20(%D0%9E%D0%BA%D0%B5%D0%B0%D0%BD%D1%8B)),,Hm,,Умеренный,,Утверждение и Посвящение,,,
В любви не дай остыть,,,,В любви не дай остыть (https://dl.airtable.com/AIkeeYhcRNSMKPGAYGIA_%D0%92%20%D0%BB%D1%8E%D0%B1%D0%B2%D0%B8%20%D0%BD%D0%B5%20%D0%B4%D0%B0%D0%B9%20%D0%BE%D1%81%D1%82%D1%8B%D1%82%D1%8C),,D,4/4,Быстрый,,"Любовь Благодать и Милость,Молитва и Обновление",,,
Божий дизайн,,Новый Иерусалим,,Божий дизайн (https://dl.airtable.com/sCpoMN24R9P8sA39zYS7_%D0%91%D0%BE%D0%B6%D0%B8%D0%B9%20%D0%B4%D0%B8%D0%B7%D0%B0%D0%B9%D0%BD),,Am,4/4,Медленный,,Благовествование,,,
Глаза полны любви ,Любовь держит нас,RealIvanna,,Глаза полны любви (Любовь держит нас) (https://dl.airtable.com/SvLulrjIQOOsaVlHVrpM_%D0%93%D0%BB%D0%B0%D0%B7%D0%B0%20%D0%BF%D0%BE%D0%BB%D0%BD%D1%8B%20%D0%BB%D1%8E%D0%B1%D0%B2%D0%B8%20(%D0%9B%D1%8E%D0%B1%D0%BE%D0%B2%D1%8C%20%D0%B4%D0%B5%D1%80%D0%B6%D0%B8%D1%82%20%D0%BD%D0%B0%D1%81)),,Dm,,Умеренный,,,,,
Ждем встречи мы,Святая земля,,,Ждём встречи мы (Святая земля) (https://dl.airtable.com/H1SrlzeCQwauJQLwVsRb_%D0%96%D0%B4%D1%91%D0%BC%20%D0%B2%D1%81%D1%82%D1%80%D0%B5%D1%87%D0%B8%20%D0%BC%D1%8B%20(%D0%A1%D0%B2%D1%8F%D1%82%D0%B0%D1%8F%20%D0%B7%D0%B5%D0%BC%D0%BB%D1%8F)),,Ab,,,,,Молодёжная,,
Жизнь,Закрыв души глаза,Эдем,,Жизнь (https://dl.airtable.com/5ApXYNrSTJeW3XO0hBpB_%D0%96%D0%B8%D0%B7%D0%BD%D1%8C),,,,,,,,,
Забрал мой грех и сердце мое,Открыл мне глаза,Слово Жизни Youth,,Забрал мой грех и сердце мое (Открыл мне глаза) (https://dl.airtable.com/FsVAxPaETSaX6AIL3aQl_%D0%97%D0%B0%D0%B1%D1%80%D0%B0%D0%BB%20%D0%BC%D0%BE%D0%B9%20%D0%B3%D1%80%D0%B5%D1%85%20%D0%B8%20%D1%81%D0%B5%D1%80%D0%B4%D1%86%D0%B5%20%D0%BC%D0%BE%D0%B5%20(%D0%9E%D1%82%D0%BA%D1%80%D1%8B%D0%BB%20%D0%BC%D0%BD%D0%B5%20%D0%B3%D0%BB%D0%B0%D0%B7%D0%B0)),,Am,,,,,Молодёжная,,
Знаешь ли ты,,А. Топилин,,Знаешь ли ты (https://dl.airtable.com/4s5GCk0RJSezR78JdVCA_%D0%97%D0%BD%D0%B0%D0%B5%D1%88%D1%8C%20%D0%BB%D0%B8%20%D1%82%D1%8B),,D,,,,Благовествование,,,
Иисус в начале Ты был Словом,Твое Имя прекрасно Бог,Hillsong,,Иисус в начале Ты был Словом (https://dl.airtable.com/R8PU9t1ET4CkKjECnRWR_%D0%98%D0%B8%D1%81%D1%83%D1%81%20%D0%B2%20%D0%BD%D0%B0%D1%87%D0%B0%D0%BB%D0%B5%20%D0%A2%D1%8B%20%D0%B1%D1%8B%D0%BB%20%D0%A1%D0%BB%D0%BE%D0%B2%D0%BE%D0%BC),,D,4/4,,,,,,
Иисус Ты жизнь отдав,,,,Иисус Ты жизнь отдав (https://dl.airtable.com/cKTezrAPSNalddrdxoIj_%D0%98%D0%B8%D1%81%D1%83%D1%81%20%D0%A2%D1%8B%20%D0%B6%D0%B8%D0%B7%D0%BD%D1%8C%20%D0%BE%D1%82%D0%B4%D0%B0%D0%B2),,Dm,4/4,Медленный,66,,,,
Каждый год мы холодным зимним днем,,,,Каждый год мы холодным зимним днём (https://dl.airtable.com/mRMwNl6BQce0L4QUsJph_%D0%9A%D0%B0%D0%B6%D0%B4%D1%8B%D0%B9%20%D0%B3%D0%BE%D0%B4%20%D0%BC%D1%8B%20%D1%85%D0%BE%D0%BB%D0%BE%D0%B4%D0%BD%D1%8B%D0%BC%20%D0%B7%D0%B8%D0%BC%D0%BD%D0%B8%D0%BC%20%D0%B4%D0%BD%D1%91%D0%BC),,A,4/4,,,,Рождество,,
Каждый ищет место,,А. Шкляев,,Каждый ищет место (https://dl.airtable.com/6tvQyAN6QI2Qtfzlnn3J_%D0%9A%D0%B0%D0%B6%D0%B4%D1%8B%D0%B9%20%D0%B8%D1%89%D0%B5%D1%82%20%D0%BC%D0%B5%D1%81%D1%82%D0%BE),,E,4/4,,,,,,
Как я устал быть в оковах,,А. Шкляев,,Как я устал быть в оковах (https://dl.airtable.com/dFBA0x1TQHSx0xm3zFNV_%D0%9A%D0%B0%D0%BA%20%D1%8F%20%D1%83%D1%81%D1%82%D0%B0%D0%BB%20%D0%B1%D1%8B%D1%82%D1%8C%20%D0%B2%20%D0%BE%D0%BA%D0%BE%D0%B2%D0%B0%D1%85),,Em,4/4,Умеренный,,,Молодёжная,,
Мудрецы под вечер,День Рождества,,,Мудрецы под вечер (https://dl.airtable.com/dW0OLgHxSo6vKVZRyUZL_%D0%9C%D1%83%D0%B4%D1%80%D0%B5%D1%86%D1%8B%20%D0%BF%D0%BE%D0%B4%20%D0%B2%D0%B5%D1%87%D0%B5%D1%80),,C,4/4,Умеренный,,,Рождество,,
Стою я здесь,На шаг ближе,Филипп Реннер,,На шаг ближе (https://dl.airtable.com/Xvx8qFaqRK2aUKgLoDcz_%D0%9D%D0%B0%20%D1%88%D0%B0%D0%B3%20%D0%B1%D0%BB%D0%B8%D0%B6%D0%B5),,E,,,,,,,
Высоко на третьем небе,Небеса,,,Небеса (Высоко на третьем небе) (https://dl.airtable.com/Pm7XpVnbRCzKirTMPD0w_%D0%9D%D0%B5%D0%B1%D0%B5%D1%81%D0%B0%20(%D0%92%D1%8B%D1%81%D0%BE%D0%BA%D0%BE%20%D0%BD%D0%B0%20%D1%82%D1%80%D0%B5%D1%82%D1%8C%D0%B5%D0%BC%20%D0%BD%D0%B5%D0%B1%D0%B5)),,A,,,,Благовествование,Молодёжная,,
Как много разных разговоров мы слышим вокруг,Разговор с Богом,Кузнецов В.П.,,Разговор с Богом (https://dl.airtable.com/TTVVtYDBRgyydUbpOm0o_%D0%A0%D0%B0%D0%B7%D0%B3%D0%BE%D0%B2%D0%BE%D1%80%20%D1%81%20%D0%91%D0%BE%D0%B3%D0%BE%D0%BC),,F,4/4,,,,,,
С днем рождения,,Ятковский,,С днем рождения (https://dl.airtable.com/ZTLHAsdfQYWqPAyeViq4_%D0%A1%20%D0%B4%D0%BD%D0%B5%D0%BC%20%D1%80%D0%BE%D0%B6%D0%B4%D0%B5%D0%BD%D0%B8%D1%8F),,F,,,,,,,
Свято будет имя Твое,Имя Господне крепкая башня,,,Свято будет имя Твоё (https://dl.airtable.com/fgdoLuGeShuLWYlMRC7i_%D0%A1%D0%B2%D1%8F%D1%82%D0%BE%20%D0%B1%D1%83%D0%B4%D0%B5%D1%82%20%D0%B8%D0%BC%D1%8F%20%D0%A2%D0%B2%D0%BE%D1%91),,F,4/4,Быстрый,,,,,
Сила в Крови,Твоими ранами,Океан любви,,Сила в Крови (https://dl.airtable.com/eoNYA1nQQymNJvVf1pPt_%D0%A1%D0%B8%D0%BB%D0%B0%20%D0%B2%20%D0%9A%D1%80%D0%BE%D0%B2%D0%B8),,Gm,,,,,Молодёжная,,
Твоя любовь исцелила душу мою,Ты достоин,Новый Завет NTWorship,,Твоя любовь исцелила душу мою (https://dl.airtable.com/ixCEipHeTfGS4WgPMpU3_%D0%A2%D0%B2%D0%BE%D1%8F%20%D0%BB%D1%8E%D0%B1%D0%BE%D0%B2%D1%8C%20%D0%B8%D1%81%D1%86%D0%B5%D0%BB%D0%B8%D0%BB%D0%B0%20%D0%B4%D1%83%D1%88%D1%83%20%D0%BC%D0%BE%D1%8E),,Hm,,,,,Молодёжная,,
Твоя любовь как море,,"ц.""Вифания"" (г.Краснодар)",,Твоя любовь как море (https://dl.airtable.com/hklOj8oQ86AMoHVDqXQY_%D0%A2%D0%B2%D0%BE%D1%8F%20%D0%BB%D1%8E%D0%B1%D0%BE%D0%B2%D1%8C%20%D0%BA%D0%B0%D0%BA%20%D0%BC%D0%BE%D1%80%D0%B5),,С#m,,,,,Молодёжная,,
Тихо город спит,,Hillsong,,Тихо город спит (https://dl.airtable.com/u4mKV3LJRmuuobeOmLaT_%D0%A2%D0%B8%D1%85%D0%BE%20%D0%B3%D0%BE%D1%80%D0%BE%D0%B4%20%D1%81%D0%BF%D0%B8%D1%82),,H,4/4,Умеренный,76,,Рождество,,
Ты мира свет,Я здесь чтобы славить,,,Ты – мира свет (https://dl.airtable.com/LmRsQForQdScssiFUbiS_%D0%A2%D1%8B%20%E2%80%93%20%D0%BC%D0%B8%D1%80%D0%B0%20%D1%81%D0%B2%D0%B5%D1%82),,F,4/4,Умеренный,,,,,
Ты над городом этим,,Hillsong,,Ты над городом этим (https://dl.airtable.com/baJDbHjuS4qLc3zXrzUS_%D0%A2%D1%8B%20%D0%BD%D0%B0%D0%B4%20%D0%B3%D0%BE%D1%80%D0%BE%D0%B4%D0%BE%D0%BC%20%D1%8D%D1%82%D0%B8%D0%BC),,E,4/4,Умеренный,,,Молодёжная,,
Ты никогда не предашь меня,В бурю и в ураган,,,Ты никогда не предашь меня (https://dl.airtable.com/1am4XA5lSO2HsfmMSfYT_%D0%A2%D1%8B%20%D0%BD%D0%B8%D0%BA%D0%BE%D0%B3%D0%B4%D0%B0%20%D0%BD%D0%B5%20%D0%BF%D1%80%D0%B5%D0%B4%D0%B0%D1%88%D1%8C%20%D0%BC%D0%B5%D0%BD%D1%8F),,Dm,,,,,,,